"","Round","Date","Home.team","Away.team","Home.score","Away.score","Home.Kicks","Home.Marks","Home.Handballs","Home.Disposals","Home.Hit.Outs","Home.Tackles","Home.Rebounds","Home.Inside.50s","Home.Clearances","Home.Clangers","Home.Frees.For","Home.Frees.Against","Home.Contested.Possessions","Home.Uncontested.Possessions","Home.Contested.Marks","Home.Marks.Inside.50","Home.One.Percenters","Home.Bounces","Home.Time.on.Ground","Away.Kicks","Away.Marks","Away.Handballs","Away.Disposals","Away.Hit.Outs","Away.Tackles","Away.Rebounds","Away.Inside.50s","Away.Clearances","Away.Clangers","Away.Frees.For","Away.Frees.Against","Away.Contested.Possessions","Away.Uncontested.Possessions","Away.Contested.Marks","Away.Marks.Inside.50","Away.One.Percenters","Away.Bounces","Away.Time.on.Ground"
"1","1",2026-03-05,"Sydney","Carlton",132,69,203,64,181,384,48,67,39,67,40,73,19,23,134,242,5,12,58,21,1802,212,69,170,382,34,38,46,50,39,63,23,19,151,224,8,5,63,17,1801
"2","1",2026-03-06,"Gold Coast","Geelong",125,69,210,74,202,412,58,69,40,71,34,75,17,29,145,260,5,13,50,13,1798,208,78,173,381,25,61,51,50,41,61,29,17,136,228,6,9,48,4,1800
"3","1",2026-03-07,"Greater Western Sydney","Hawthorn",122,95,224,91,133,357,35,50,44,63,44,61,13,21,134,209,7,13,52,9,1797,210,78,131,341,39,43,44,58,37,49,21,13,123,199,12,9,42,9,1797
"4","1",2026-03-07,"Brisbane Lions","Western Bulldogs",106,111,254,115,154,408,42,51,31,63,45,48,16,17,133,258,10,10,42,5,1800,211,78,150,361,46,60,47,50,39,42,17,16,116,227,5,10,53,6,1801
"5","1",2026-03-08,"St Kilda","Collingwood",66,78,225,92,162,387,28,57,29,63,31,56,27,16,128,249,6,6,47,13,1798,264,147,170,434,21,53,53,40,29,59,16,27,113,303,7,10,35,5,1801
"6","2",2026-03-12,"Carlton","Richmond",75,71,201,75,166,367,39,53,50,43,37,63,18,21,138,223,10,7,48,3,1797,217,97,138,355,24,49,34,60,29,60,21,18,127,216,10,15,47,5,1798
"7","2",2026-03-13,"Essendon","Hawthorn",83,145,175,75,163,338,25,46,46,40,28,52,20,15,105,217,5,7,27,14,1799,265,157,144,409,43,52,27,69,41,53,15,20,110,295,7,23,27,12,1802
"8","2",2026-03-14,"Western Bulldogs","Greater Western Sydney",134,53,243,118,163,406,32,43,43,55,45,55,25,16,125,270,10,19,42,7,1802,241,127,146,387,27,56,32,50,26,71,16,25,118,259,10,9,32,2,1801
"9","2",2026-03-14,"Geelong","Fremantle",110,100,231,111,130,361,26,58,32,60,28,53,24,15,120,223,11,18,56,7,1801,181,61,148,329,45,63,43,46,42,60,15,24,132,187,6,8,36,7,1801
"10","2",2026-03-14,"Sydney","Brisbane Lions",104,60,203,92,183,386,34,52,39,65,23,49,18,19,126,244,11,18,55,7,1799,228,99,117,345,22,45,46,46,45,63,19,18,126,203,9,12,32,2,1800
"11","2",2026-03-14,"Collingwood","Adelaide",79,93,213,98,152,365,19,52,40,59,29,55,14,15,115,231,9,10,47,7,1801,256,117,131,387,35,48,48,55,29,65,15,14,139,239,8,14,35,3,1798
"12","2",2026-03-15,"North Melbourne","Port Adelaide",113,67,232,119,138,370,21,58,36,51,40,51,22,22,132,239,12,13,33,5,1801,186,74,101,287,37,52,33,47,29,58,22,22,112,164,9,9,43,1,1802
"13","2",2026-03-15,"Melbourne","St Kilda",120,107,212,82,129,341,44,42,38,56,36,46,11,18,119,211,10,19,44,15,1803,241,106,170,411,25,41,38,53,41,44,18,11,129,268,11,20,52,6,1799
"14","2",2026-03-15,"Gold Coast","West Coast",131,72,190,80,179,369,53,46,27,60,40,59,19,21,138,226,8,15,47,15,1802,206,98,122,328,24,73,40,39,34,48,21,19,130,199,7,8,42,11,1802
"15","3",2026-03-19,"Hawthorn","Sydney",99,82,235,101,182,417,46,62,45,55,35,52,27,16,161,258,11,13,52,11,1799,195,58,153,348,30,66,40,58,37,75,16,27,135,193,7,4,52,13,1802
"16","3",2026-03-20,"Adelaide","Western Bulldogs",88,94,251,119,112,363,45,47,43,52,38,56,18,23,131,219,8,8,53,3,1800,202,61,165,367,45,71,38,58,45,56,23,18,143,211,5,7,58,12,1798
"17","3",2026-03-21,"Richmond","Gold Coast",60,128,186,83,144,330,24,59,41,36,38,63,17,15,113,204,5,8,28,10,1802,221,127,164,385,37,57,27,61,27,50,15,17,108,282,11,23,50,8,1801
"18","3",2026-03-21,"Greater Western Sydney","St Kilda",74,78,214,86,205,419,23,59,41,62,37,65,17,19,134,279,6,7,49,9,1799,236,81,131,367,35,37,50,53,40,65,19,17,135,213,7,6,56,12,1801
"19","3",2026-03-21,"Fremantle","Melbourne",118,70,224,93,193,417,24,45,45,58,33,62,13,14,143,262,9,12,50,20,1796,222,99,111,333,34,55,40,56,30,59,14,13,124,193,10,12,41,4,1797
"20","3",2026-03-22,"Port Adelaide","Essendon",133,70,284,165,123,407,30,47,32,60,42,46,13,17,120,279,10,25,35,6,1799,172,58,165,337,35,41,38,43,26,44,17,13,120,203,5,7,30,7,1799
"21","3",2026-03-22,"West Coast","North Melbourne",111,94,205,67,151,356,27,68,32,59,37,65,24,25,159,200,8,9,46,6,1802,192,67,177,369,54,71,40,48,46,57,25,24,139,221,7,11,53,14,1801
"22","4",2026-03-26,"Geelong","Adelaide",68,60,261,98,148,409,38,76,36,67,42,57,25,13,159,228,11,8,50,1,1801,208,65,121,329,51,72,57,45,35,66,13,25,127,177,6,7,43,3,1799
"23","4",2026-03-27,"Collingwood","Greater Western Sydney",87,54,211,104,152,363,37,45,50,50,30,48,16,12,119,232,14,15,43,11,1802,225,124,200,425,23,39,36,58,32,49,12,16,114,306,7,15,40,8,1802
"24","4",2026-03-28,"St Kilda","Brisbane Lions",80,113,207,93,129,336,44,64,35,56,28,56,23,20,133,202,10,12,49,4,1801,253,107,146,399,24,56,43,52,42,61,20,23,139,253,7,14,46,2,1801
"25","4",2026-03-28,"Fremantle","Richmond",103,43,230,95,176,406,57,61,30,65,41,58,27,19,151,245,7,17,43,8,1798,170,64,144,314,9,53,50,36,26,67,19,27,118,178,4,7,41,9,1802
"26","4",2026-03-28,"Essendon","North Melbourne",69,81,178,85,150,328,25,54,36,52,21,50,24,23,105,217,4,15,27,9,1799,254,138,151,405,13,39,42,49,31,67,23,24,116,278,5,20,40,6,1800
"27","4",2026-03-29,"Port Adelaide","West Coast",90,92,206,91,134,340,45,60,28,54,27,53,22,17,122,208,7,16,34,7,1799,184,70,119,303,40,58,41,42,42,61,17,22,126,172,10,13,40,7,1800
"28","4",2026-03-29,"Carlton","Melbourne",77,100,209,92,156,365,26,54,49,51,38,62,11,16,138,219,11,12,42,4,1799,214,95,158,372,68,82,40,64,40,61,16,11,133,223,6,11,38,7,1800
"29","5",2026-04-02,"Brisbane Lions","Collingwood",119,65,291,150,134,425,23,33,35,64,42,54,17,17,131,277,14,20,36,2,1801,162,71,148,310,29,46,45,45,24,58,17,17,92,201,7,5,49,6,1802
"30","5",2026-04-03,"North Melbourne","Carlton",96,86,211,90,141,352,22,66,35,56,31,60,25,23,125,219,7,14,41,14,1801,219,114,120,339,41,59,42,48,35,56,23,25,115,220,8,7,38,6,1800
"31","5",2026-04-03,"Adelaide","Fremantle",76,78,184,66,122,306,46,83,43,48,39,47,21,15,134,160,13,16,57,6,1799,199,64,166,365,48,70,37,55,39,51,15,21,149,206,13,12,44,6,1799
"32","5",2026-04-04,"Richmond","Port Adelaide",48,90,200,90,128,328,27,54,33,50,30,61,27,14,115,203,11,13,41,8,1800,207,97,133,340,29,40,42,46,27,68,14,27,111,219,10,11,37,12,1800
"33","5",2026-04-04,"West Coast","Sydney",35,163,166,76,123,289,18,34,37,45,28,59,17,27,92,186,4,7,28,7,1800,245,123,182,427,35,46,41,61,41,61,27,17,135,283,16,24,38,17,1802
"34","5",2026-04-05,"Melbourne","Gold Coast",109,89,210,89,131,341,42,59,30,59,39,52,19,17,138,193,11,19,34,15,1800,188,90,163,351,27,54,42,45,28,52,17,19,116,226,9,14,34,10,1802
"35","5",2026-04-05,"Western Bulldogs","Essendon",99,65,211,107,191,402,28,42,26,54,38,59,21,19,129,273,7,14,54,10,1800,203,103,139,342,38,48,39,36,24,59,19,21,110,224,10,9,31,8,1802
"36","5",2026-04-06,"Hawthorn","Geelong",92,91,232,90,155,387,44,63,40,53,33,72,13,24,129,238,9,18,39,11,1801,217,101,125,342,26,55,40,54,28,53,24,13,112,216,7,16,39,8,1799
"37","6",2026-04-09,"Adelaide","Carlton",114,86,220,55,173,393,45,71,47,56,40,82,28,23,173,200,7,10,69,3,1803,205,50,153,358,43,87,38,60,45,70,23,28,162,177,7,6,62,3,1800
"38","6",2026-04-10,"Collingwood","Fremantle",39,45,222,101,142,364,27,92,37,61,30,47,19,14,138,220,11,10,51,1,1799,212,81,146,358,47,63,55,45,34,54,14,19,147,204,12,5,52,4,1798
"39","6",2026-04-11,"North Melbourne","Brisbane Lions",66,92,200,83,150,350,31,59,45,44,38,53,15,20,135,214,13,14,36,8,1798,201,80,108,309,49,62,33,58,41,46,20,15,131,166,8,9,45,5,1800
"40","6",2026-04-11,"Essendon","Melbourne",113,68,272,139,169,441,21,45,39,54,40,50,15,15,142,296,11,11,32,8,1798,197,78,135,332,39,54,37,52,32,67,15,15,115,197,7,9,40,7,1800
"41","6",2026-04-11,"Sydney","Gold Coast",100,68,210,66,181,391,39,97,47,62,43,76,35,24,151,225,10,16,51,11,1800,180,50,153,333,43,52,48,56,39,66,24,35,135,179,0,4,41,4,1798
"42","6",2026-04-11,"Hawthorn","Western Bulldogs",104,64,250,126,152,402,64,61,43,54,43,42,18,13,142,247,19,12,31,16,1801,201,81,136,337,17,58,38,53,31,46,13,18,121,202,8,12,43,4,1799
"43","6",2026-04-12,"Geelong","West Coast",122,76,227,95,152,379,39,71,29,67,42,65,21,22,144,223,14,16,39,8,1800,197,72,132,329,41,51,48,42,34,64,22,21,119,191,6,9,36,5,1800
"44","6",2026-04-12,"Greater Western Sydney","Richmond",131,75,214,90,211,425,53,52,48,54,35,57,24,19,152,266,13,13,42,10,1800,189,79,144,333,19,54,31,59,39,68,19,24,135,195,8,7,44,1,1802
"45","6",2026-04-12,"Port Adelaide","St Kilda",67,81,241,107,123,364,34,70,27,60,34,79,16,23,139,209,11,13,49,2,1800,224,90,118,342,35,83,50,39,35,62,23,16,135,211,9,4,52,4,1800
"46","7",2026-04-16,"Carlton","Collingwood",83,88,226,101,164,390,27,62,45,44,29,53,14,17,132,246,11,13,37,4,1801,252,136,164,416,35,62,30,58,31,52,18,14,113,281,6,10,36,3,1801
"47","7",2026-04-17,"Geelong","Western Bulldogs",131,56,237,103,162,399,59,73,31,67,35,59,21,21,132,257,6,21,40,5,1800,188,74,157,345,27,71,48,41,37,63,21,21,128,211,4,13,47,10,1799
"48","7",2026-04-17,"Sydney","Greater Western Sydney",107,66,219,85,193,412,41,60,50,70,46,64,24,19,146,254,8,8,51,27,1797,210,69,196,406,32,65,52,59,25,70,19,24,159,240,9,7,51,4,1800
"49","7",2026-04-18,"Gold Coast","Essendon",119,110,199,86,182,381,44,51,37,60,29,63,15,20,133,241,10,17,30,9,1798,227,98,138,365,18,72,42,55,37,56,20,15,127,219,8,11,36,10,1801
"50","7",2026-04-18,"Hawthorn","Port Adelaide",89,86,217,106,132,349,49,70,31,52,31,53,19,17,120,229,11,12,30,4,1797,203,97,122,325,35,59,38,45,35,53,17,19,105,215,8,12,41,9,1801
"51","7",2026-04-18,"Adelaide","St Kilda",103,102,241,100,127,368,35,58,31,56,39,48,18,13,126,237,8,15,51,10,1798,229,102,158,387,27,44,39,47,39,58,13,17,124,247,11,16,44,6,1801
"52","7",2026-04-19,"North Melbourne","Richmond",130,55,244,116,184,428,31,50,42,58,38,63,11,21,123,290,11,19,38,21,1801,165,82,115,280,31,50,34,49,30,42,21,11,99,174,8,11,46,9,1801
"53","7",2026-04-19,"Melbourne","Brisbane Lions",104,102,200,80,145,345,34,50,36,54,30,48,19,12,117,205,9,16,35,14,1801,247,137,111,358,29,31,38,52,35,56,12,19,119,234,8,18,41,3,1800
"54","7",2026-04-19,"West Coast","Fremantle",41,97,209,98,124,333,18,53,36,51,26,51,17,12,124,198,11,7,40,3,1802,226,120,139,365,42,56,43,50,28,56,12,17,119,240,15,19,44,11,1799
"55","8",2026-04-23,"Western Bulldogs","Sydney",60,126,208,84,154,362,22,60,49,46,34,66,15,27,126,229,4,9,60,5,1800,215,91,184,399,42,60,37,69,29,61,27,15,145,244,18,23,50,15,1800
"56","8",2026-04-24,"Richmond","Melbourne",72,126,182,71,162,344,18,46,40,47,32,55,13,22,129,209,13,11,38,8,1799,212,78,150,362,47,44,35,61,38,48,22,13,150,207,15,16,45,14,1800
"57","8",2026-04-25,"Hawthorn","Gold Coast",112,63,227,99,210,437,42,82,49,54,40,68,13,22,141,281,6,12,41,18,1797,184,67,161,345,32,64,38,60,37,51,22,13,132,192,8,10,40,9,1800
"58","8",2026-04-25,"Essendon","Collingwood",60,137,192,89,173,365,19,42,41,34,28,53,14,20,108,244,8,10,31,16,1802,244,134,214,458,29,38,25,62,29,56,20,14,141,311,9,18,27,6,1800
"59","8",2026-04-25,"Port Adelaide","Geelong",95,65,247,127,157,404,53,66,25,58,46,49,17,20,125,280,6,17,43,9,1802,195,89,137,332,23,53,44,35,28,62,20,17,124,199,8,8,36,9,1801
"60","8",2026-04-25,"Fremantle","Carlton",103,89,218,103,186,404,39,61,40,51,34,56,17,20,129,273,11,16,42,9,1801,190,85,166,356,23,60,32,53,29,54,20,17,132,221,10,12,46,7,1799
"61","8",2026-04-26,"St Kilda","West Coast",143,42,267,146,165,432,29,45,43,59,36,50,18,13,128,296,9,21,33,8,1798,195,97,154,349,25,33,36,48,28,55,13,18,111,231,6,9,44,10,1799
"62","8",2026-04-26,"Brisbane Lions","Adelaide",127,75,261,131,136,397,30,45,30,64,45,50,18,18,143,248,12,16,33,7,1800,208,97,145,353,38,54,44,43,30,53,18,18,121,230,8,11,37,4,1801
"63","8",2026-04-26,"Greater Western Sydney","North Melbourne",105,98,196,78,180,376,36,59,39,56,34,54,16,22,130,234,7,14,47,8,1801,219,94,172,391,29,63,39,54,36,44,22,16,130,246,11,8,44,6,1802
"64","9",2026-04-30,"Collingwood","Hawthorn",93,93,200,100,145,345,22,53,49,34,23,68,23,26,105,218,8,11,44,3,1798,236,109,184,420,41,45,19,62,39,61,26,23,134,278,12,12,32,5,1799
"65","9",2026-05-01,"Western Bulldogs","Fremantle",102,114,207,81,164,371,23,58,44,52,37,43,27,17,135,231,3,10,51,6,1799,209,75,144,353,61,78,37,63,45,62,17,27,131,212,9,14,42,7,1800
"66","9",2026-05-01,"Adelaide","Port Adelaide",76,75,198,78,141,339,38,81,28,59,35,52,20,21,150,196,10,8,35,10,1801,219,103,137,356,55,69,48,39,38,61,21,20,144,207,16,12,46,10,1801
"67","9",2026-05-02,"Essendon","Brisbane Lions",79,143,182,78,168,350,31,40,42,53,37,53,20,15,114,232,8,15,28,6,1800,285,163,129,414,33,48,40,63,33,63,15,20,125,276,22,23,34,5,1801
"68","9",2026-05-02,"West Coast","Richmond",88,99,202,95,148,350,32,58,31,64,39,63,16,23,137,218,11,10,46,8,1798,210,90,138,348,35,49,50,48,38,59,23,16,141,202,16,15,38,12,1800
"69","9",2026-05-02,"Geelong","North Melbourne",135,86,203,81,168,371,40,53,37,60,39,63,27,26,133,230,6,13,42,8,1798,183,68,184,367,28,55,37,50,41,63,26,26,138,232,8,10,31,8,1800
"70","9",2026-05-02,"Carlton","St Kilda",69,108,226,118,137,363,22,40,28,50,24,55,17,21,106,243,7,15,46,12,1800,234,118,138,372,30,47,41,46,34,57,21,17,112,239,7,23,39,12,1800
"71","9",2026-05-03,"Sydney","Melbourne",131,114,220,95,205,425,46,61,41,63,44,54,20,20,139,269,6,16,47,13,1801,185,56,153,338,38,62,43,59,45,58,20,20,145,185,7,7,39,9,1803
"72","9",2026-05-03,"Gold Coast","Greater Western Sydney",83,63,238,126,159,397,38,56,40,58,29,44,13,15,113,266,12,9,32,9,1797,198,71,173,371,27,58,47,49,37,59,15,13,127,224,3,11,61,3,1802
"73","10",2026-05-07,"Fremantle","Hawthorn",88,73,191,79,138,329,34,58,29,56,41,42,17,17,114,212,5,14,44,6,1798,209,89,142,351,41,42,43,41,29,60,17,17,124,214,9,9,47,1,1797
"74","10",2026-05-08,"Brisbane Lions","Carlton",100,89,218,99,129,347,53,50,45,54,43,50,19,13,108,219,9,10,46,12,1802,207,95,185,392,30,38,38,59,32,55,13,19,128,246,16,20,42,11,1800
"75","10",2026-05-08,"Port Adelaide","Western Bulldogs",72,74,225,119,136,361,43,59,47,35,30,68,28,22,109,243,7,11,29,4,1802,218,102,160,378,31,64,25,59,41,68,22,28,112,250,7,14,41,12,1800
"76","10",2026-05-09,"North Melbourne","Sydney",97,105,230,107,173,403,26,52,34,67,33,54,23,20,133,264,11,10,32,6,1801,162,59,185,347,33,60,52,51,30,62,20,22,132,213,6,13,44,22,1801
"77","10",2026-05-09,"Greater Western Sydney","Essendon",103,89,211,90,159,370,38,49,48,46,41,71,17,22,135,230,8,13,60,14,1801,236,104,143,379,41,52,30,61,37,50,22,17,139,240,12,13,30,3,1799
"78","10",2026-05-09,"Gold Coast","St Kilda",89,60,229,112,146,375,24,41,37,48,21,55,26,24,112,249,7,10,28,14,1800,201,97,155,356,29,44,34,45,39,67,24,26,119,237,7,13,39,9,1798
"79","10",2026-05-09,"Geelong","Collingwood",122,68,235,118,192,427,26,46,48,52,35,60,11,15,126,286,7,21,45,5,1802,222,101,191,413,37,56,34,59,35,50,15,11,123,263,4,18,43,4,1800
"80","10",2026-05-10,"Melbourne","West Coast",99,67,221,112,157,378,49,68,37,58,39,55,18,20,132,229,12,16,33,5,1800,198,78,167,365,23,56,42,47,37,51,20,18,127,225,7,11,35,11,1801
"81","10",2026-05-10,"Richmond","Adelaide",61,98,196,92,149,345,19,38,38,45,27,57,20,18,127,213,11,7,46,6,1801,249,141,136,385,37,62,36,54,29,47,18,20,118,262,11,14,29,8,1803
"82","11",2026-05-14,"Brisbane Lions","Geelong",76,117,226,69,155,381,43,45,48,56,45,60,23,19,143,219,3,11,56,8,1799,223,80,181,404,36,64,44,66,35,59,19,23,138,246,6,9,52,4,1799
"83","11",2026-05-15,"Sydney","Collingwood",81,75,233,89,168,401,52,56,45,71,41,76,31,20,160,221,6,8,55,10,1801,203,66,170,373,10,74,59,56,38,71,21,31,145,203,8,8,51,0,1800
"84","11",2026-05-15,"Gold Coast","Port Adelaide",98,73,235,94,154,389,39,47,44,62,30,54,14,22,143,231,7,11,48,10,1800,207,57,148,355,33,50,47,55,41,52,22,14,141,197,3,6,47,11,1801
"85","11",2026-05-16,"Adelaide","North Melbourne",133,65,223,105,164,387,32,73,35,49,41,56,19,24,129,254,9,16,36,6,1801,181,77,139,320,45,42,29,44,32,54,24,19,103,203,4,11,39,7,1799
"86","11",2026-05-16,"Melbourne","Hawthorn",120,81,221,94,144,365,25,54,44,56,38,60,21,19,144,220,8,9,41,19,1801,225,109,170,395,42,46,37,57,34,63,19,21,133,254,9,15,32,10,1798
"87","11",2026-05-16,"Carlton","Western Bulldogs",74,62,247,124,152,399,22,56,28,55,36,61,25,23,140,247,8,5,40,1,1800,189,90,141,330,27,58,43,38,27,64,23,25,109,209,5,9,47,11,1802
"88","11",2026-05-17,"Essendon","Fremantle",61,104,189,79,161,350,28,64,36,47,33,51,19,21,127,217,7,11,37,0,1802,224,88,160,384,35,65,39,52,29,57,21,19,127,239,9,9,53,1,1798
"89","11",2026-05-17,"St Kilda","Richmond",109,73,243,115,165,408,42,50,25,63,41,57,24,19,126,269,7,15,42,14,1800,193,103,134,327,19,40,46,37,27,58,19,23,103,220,7,9,37,8,1800
"90","11",2026-05-17,"West Coast","Greater Western Sydney",88,71,208,89,116,324,50,82,35,50,37,51,26,10,136,189,10,11,48,4,1798,173,57,182,355,35,78,35,45,39,65,10,26,142,198,7,12,44,8,1799
"91","12",2026-05-21,"Hawthorn","Adelaide",75,66,199,60,135,334,55,78,48,50,47,73,23,24,134,178,9,8,49,7,1801,213,69,175,388,29,81,39,57,33,84,24,23,141,222,7,7,44,5,1802
"92","12",2026-05-22,"Richmond","Essendon",74,56,208,102,153,361,8,52,36,41,32,47,26,19,109,241,5,8,42,9,1800,231,126,161,392,35,44,31,45,26,59,19,26,109,264,9,10,40,2,1801
"93","12",2026-05-22,"Fremantle","St Kilda",104,74,211,101,183,394,33,54,34,61,34,52,14,13,148,243,17,13,30,19,1798,199,90,152,351,31,55,44,45,41,58,13,14,131,210,12,10,35,5,1800
"94","12",2026-05-23,"North Melbourne","Gold Coast",111,105,196,97,158,354,30,66,36,54,41,48,17,22,108,239,16,16,37,3,1800,193,86,131,324,65,59,35,53,44,40,22,17,122,197,7,7,41,6,1800
"95","12",2026-05-23,"Geelong","Sydney",107,80,233,105,177,410,39,39,33,69,38,48,17,17,144,254,11,15,42,3,1801,196,76,169,365,33,73,54,45,34,57,17,17,129,214,15,13,37,11,1801
"96","12",2026-05-23,"Collingwood","West Coast",92,82,187,77,170,357,30,77,44,50,38,61,28,18,138,210,10,10,45,5,1800,222,97,166,388,32,47,36,57,42,75,18,28,131,250,9,9,42,4,1801
"97","12",2026-05-23,"Port Adelaide","Carlton",58,92,193,88,132,325,30,53,36,48,35,58,13,16,114,203,11,16,42,12,1801,222,108,182,404,25,43,40,50,27,48,16,13,114,271,9,18,40,5,1798
"98","12",2026-05-24,"Greater Western Sydney","Brisbane Lions",166,88,224,67,206,430,31,87,35,75,45,57,16,22,168,244,8,9,44,15,1800,218,88,163,381,47,50,48,49,43,55,22,16,155,212,10,8,46,10,1802
"99","12",2026-05-24,"Western Bulldogs","Melbourne",93,90,212,80,154,366,25,62,34,57,45,59,23,17,151,204,9,15,44,4,1804,198,78,138,336,50,72,43,47,36,59,17,23,141,187,11,9,41,10,1798
"100","13",2026-05-28,"St Kilda","Hawthorn",67,119,214,94,173,387,25,48,36,44,31,57,18,13,125,250,7,16,46,7,1800,217,99,212,429,39,56,34,56,32,53,13,18,108,302,4,18,35,9,1802
"101","13",2026-05-29,"Carlton","Geelong",88,84,223,94,172,395,29,66,41,48,44,53,22,19,136,259,5,8,46,9,1800,207,105,152,359,43,63,36,54,31,46,19,22,123,221,13,15,39,3,1801
"102","13",2026-05-30,"Sydney","Richmond",170,56,230,104,207,437,34,42,37,72,36,48,19,20,151,275,20,26,36,29,1801,180,71,144,324,16,46,48,47,34,56,20,19,133,184,12,5,40,7,1798
"103","13",2026-05-30,"Brisbane Lions","Fremantle",78,103,197,81,101,298,36,36,30,59,42,48,18,21,118,174,13,9,51,13,1796,198,80,166,364,35,45,48,47,31,51,21,18,120,230,9,15,33,17,1800
"104","13",2026-05-30,"Western Bulldogs","Collingwood",97,93,226,104,133,359,39,43,33,62,38,51,8,9,124,228,13,14,46,2,1801,235,115,183,418,24,53,48,47,32,56,9,8,117,285,5,13,44,5,1802
"105","13",2026-05-31,"Melbourne","Greater Western Sydney",70,119,200,85,129,329,32,48,27,62,35,55,18,21,125,194,11,7,30,12,1800,263,138,145,408,24,55,52,46,27,47,21,18,114,269,6,14,44,10,1801
"106","13",2026-05-31,"West Coast","Essendon",85,55,218,99,171,389,28,45,32,55,23,48,25,18,124,259,8,16,38,3,1799,200,68,173,373,34,56,43,40,45,69,18,25,126,231,7,6,33,4,1796
"107","14",2026-06-04,"Adelaide","Geelong",75,74,219,59,146,365,61,88,41,50,44,50,21,20,153,196,9,7,56,2,1799,222,71,167,389,43,62,38,52,46,59,20,21,171,198,13,5,49,0,1799
"108","14",2026-06-05,"Hawthorn","Western Bulldogs",71,77,235,113,185,420,42,61,33,63,37,57,19,17,136,275,11,10,44,8,1798,211,72,132,343,26,58,53,45,33,56,17,19,122,198,6,5,51,14,1801
"109","14",2026-06-06,"North Melbourne","Fremantle",31,155,193,101,132,325,22,43,33,32,29,53,14,22,96,221,7,3,31,3,1801,214,118,169,383,36,43,28,57,37,48,22,13,109,275,8,22,36,25,1801
"110","14",2026-06-06,"Gold Coast","Brisbane Lions",75,106,196,93,149,345,37,35,50,43,21,58,18,23,111,218,13,10,32,13,1800,229,98,114,343,20,50,30,65,31,57,23,18,123,201,12,16,39,6,1797
"111","14",2026-06-06,"West Coast","Port Adelaide",71,77,197,90,160,357,36,68,36,56,34,54,16,17,130,221,8,15,31,3,1800,198,82,128,326,41,63,45,48,39,50,17,16,132,180,10,16,40,8,1800
"112","14",2026-06-07,"Sydney","St Kilda",104,102,227,90,208,435,37,59,44,63,34,67,19,18,145,275,6,10,54,15,1799,216,75,181,397,26,55,48,59,44,58,18,19,149,238,6,9,37,19,1799
"113","14",2026-06-07,"Essendon","Carlton",67,72,213,115,160,373,31,39,35,49,35,50,24,19,132,242,15,12,38,8,1801,220,119,162,382,25,45,39,45,28,49,19,24,107,266,5,11,38,5,1798
"114","14",2026-06-08,"Collingwood","Melbourne",75,83,208,82,188,396,23,70,48,57,39,66,16,14,137,244,11,13,39,7,1801,208,89,163,371,52,62,45,60,35,57,14,16,130,230,13,13,49,9,1800
"115","15",2026-06-11,"Western Bulldogs","Adelaide",64,121,205,72,139,344,30,61,30,53,40,57,19,26,135,196,4,3,58,9,1800,256,114,175,431,54,75,44,50,33,57,26,19,155,264,16,13,41,3,1798
"116","15",2026-06-12,"Geelong","Gold Coast",105,60,189,69,148,337,39,62,38,62,40,51,24,20,133,192,10,10,40,9,1802,200,95,189,389,49,64,45,47,29,64,20,24,117,265,5,14,44,16,1799
"117","15",2026-06-13,"Melbourne","Essendon",95,50,249,111,162,411,35,51,35,63,38,46,17,16,140,260,4,8,48,5,1799,208,100,150,358,30,51,47,40,29,49,16,17,108,240,7,12,52,3,1802
"118","15",2026-06-13,"North Melbourne","West Coast",74,73,201,92,127,328,44,72,40,44,39,49,31,24,120,198,11,14,34,10,1802,173,79,129,302,33,46,33,50,35,59,24,31,116,174,11,10,35,8,1798
"119","15",2026-06-13,"Port Adelaide","Sydney",90,93,221,83,119,340,40,55,33,56,40,59,22,22,132,197,6,13,47,4,1801,186,72,170,356,27,62,42,47,30,70,22,22,136,209,12,8,51,11,1797
"120","15",2026-06-14,"Richmond","Brisbane Lions",80,115,204,85,149,353,40,56,41,53,33,46,14,9,118,217,8,16,32,5,1798,240,111,141,381,44,52,41,58,42,54,9,14,131,242,15,11,39,3,1802
"121","15",2026-06-14,"St Kilda","Greater Western Sydney",96,88,207,87,151,358,29,71,41,47,36,51,18,16,128,221,9,16,46,14,1801,207,95,179,386,44,45,33,55,46,50,16,18,128,252,10,12,41,6,1800
"122","16",2026-06-18,"Fremantle","Geelong",99,90,223,110,159,382,36,51,29,54,35,48,19,9,120,247,12,20,37,13,1800,199,88,140,339,26,32,39,44,31,47,9,19,112,211,15,11,28,11,1799
"123","16",2026-06-19,"Gold Coast","Hawthorn",97,113,235,104,194,429,34,48,38,65,32,61,22,17,150,269,12,11,53,11,1798,203,71,143,346,30,57,50,55,36,58,17,22,125,195,9,7,38,12,1801
"124","16",2026-06-20,"Adelaide","Melbourne",79,62,254,138,156,410,37,67,47,55,31,52,22,19,134,269,16,11,53,4,1801,192,62,163,355,35,49,44,58,42,75,19,22,146,198,3,6,58,13,1800
"125","16",2026-06-20,"Greater Western Sydney","Carlton",65,88,198,84,170,368,41,50,47,46,31,64,21,21,124,227,7,9,56,14,1800,231,105,177,408,22,45,36,61,35,54,21,21,136,253,11,13,34,4,1797
"126","16",2026-06-20,"Collingwood","Port Adelaide",78,52,214,106,182,396,13,40,46,46,31,59,8,14,110,260,13,17,40,6,1799,239,117,122,361,37,44,35,54,31,60,14,8,114,228,6,13,42,7,1799
"127","16",2026-06-21,"Richmond","North Melbourne",48,73,187,90,145,332,26,38,35,48,23,54,15,19,109,215,9,9,47,6,1799,235,134,155,390,30,56,41,46,25,40,19,15,115,261,12,17,37,7,1799
"128","16",2026-06-21,"St Kilda","Western Bulldogs",61,83,234,100,205,439,41,58,33,61,40,64,13,21,151,274,13,10,42,15,1801,233,96,163,396,31,56,53,45,41,51,21,13,132,248,5,13,57,11,1801
"129","17",2026-06-25,"Brisbane Lions","Sydney",126,83,251,109,100,351,40,62,42,62,46,48,21,13,142,195,9,13,52,5,1802,185,69,181,366,45,60,42,56,33,66,13,21,144,209,9,13,47,10,1800
"130","17",2026-06-26,"Hawthorn","Greater Western Sydney",96,82,219,79,154,373,65,69,26,63,54,53,22,15,140,219,4,11,44,3,1799,198,74,185,383,27,84,49,40,30,54,15,22,146,228,10,12,64,3,1798
"131","17",2026-06-27,"Carlton","West Coast",117,64,251,133,194,445,22,61,40,61,48,49,22,21,142,296,13,20,35,4,1800,174,66,127,301,40,48,43,49,34,55,21,22,114,180,5,4,37,12,1801
"132","17",2026-06-27,"Collingwood","Richmond",106,72,216,122,171,387,25,61,39,56,30,50,17,16,103,283,8,20,39,9,1802,199,94,181,380,33,37,41,51,31,59,16,17,117,253,4,13,39,12,1802
"133","17",2026-06-27,"Port Adelaide","Adelaide",97,71,220,100,86,306,47,63,34,52,42,55,20,23,135,164,16,17,27,2,1798,198,79,135,333,31,63,38,45,22,59,23,20,129,182,13,9,41,3,1804
"134","17",2026-06-28,"North Melbourne","Essendon",79,65,233,124,202,435,22,51,31,51,28,49,14,12,97,321,5,19,37,12,1802,217,129,143,360,37,35,40,40,25,39,12,14,94,253,9,9,25,19,1801
"135","17",2026-06-28,"Fremantle","Gold Coast",80,29,198,91,195,393,36,67,35,54,24,55,18,21,115,269,8,17,43,13,1800,188,75,141,329,42,45,43,40,36,57,21,18,129,190,2,4,47,5,1802
"136","18",2026-07-02,"Geelong","Brisbane Lions",101,123,200,66,165,365,40,57,33,69,42,48,16,9,154,196,8,14,52,4,1800,266,102,118,384,48,55,53,52,40,62,9,16,143,208,8,13,65,4,1800
"137","18",2026-07-03,"Sydney","Western Bulldogs",90,55,225,97,175,400,70,64,33,61,42,45,14,17,132,254,13,14,55,14,1801,185,72,136,321,29,60,46,41,45,40,17,14,122,191,8,5,46,9,1799
"138","18",2026-07-03,"West Coast","Adelaide",74,99,198,84,133,331,27,71,40,44,37,60,28,25,140,183,10,6,46,9,1800,233,103,136,369,49,73,33,56,39,68,25,28,145,217,14,8,36,11,1799
"139","18",2026-07-04,"Hawthorn","Melbourne",90,125,216,111,129,345,42,44,35,59,31,61,20,23,120,214,18,15,39,2,1801,207,89,142,349,36,64,43,57,46,54,23,20,137,203,16,15,35,4,1800
"140","18",2026-07-04,"Greater Western Sydney","Fremantle",109,88,206,86,169,375,24,58,34,62,42,53,18,24,140,234,5,10,46,18,1800,178,74,158,336,46,67,45,47,28,55,24,18,128,203,9,5,39,22,1802
"141","18",2026-07-04,"Gold Coast","Collingwood",98,104,229,120,180,409,54,43,41,53,40,53,16,14,133,262,8,5,36,6,1802,195,73,159,354,33,75,38,56,43,51,14,16,121,217,7,15,46,8,1800
"142","18",2026-07-04,"Richmond","Carlton",72,74,175,68,143,318,38,61,38,48,43,57,19,19,123,183,13,8,47,6,1799,222,101,150,372,39,57,39,49,31,65,19,19,136,225,8,17,37,7,1799
"143","18",2026-07-05,"Essendon","St Kilda",50,117,184,82,148,332,49,46,38,37,33,54,17,24,109,210,6,7,31,6,1802,244,127,203,447,28,65,30,55,34,44,24,17,115,317,8,18,36,13,1799
"144","18",2026-07-05,"Port Adelaide","North Melbourne",73,52,216,93,79,295,35,54,34,57,35,67,38,33,123,157,11,12,47,7,1801,208,94,172,380,23,49,45,42,29,76,33,38,132,239,7,10,41,12,1800
"145","19",2026-07-09,"Fremantle","Sydney",111,73,195,77,186,381,36,50,36,65,39,46,21,22,146,239,12,14,52,14,1800,196,71,143,339,31,70,49,47,31,49,22,21,121,202,5,11,53,16,1797
"146","19",2026-07-10,"Collingwood","North Melbourne",89,85,214,110,170,384,32,78,42,57,38,55,11,22,115,263,6,13,32,12,1801,213,99,159,372,42,56,43,55,43,51,22,11,121,235,8,16,42,0,1800
"147","19",2026-07-11,"St Kilda","Port Adelaide",87,73,249,126,188,437,20,61,39,56,35,55,18,16,129,295,10,14,47,11,1799,196,85,112,308,57,40,42,51,40,48,16,18,119,183,6,7,36,6,1798
"148","19",2026-07-11,"Greater Western Sydney","Geelong",86,73,220,79,187,407,59,72,48,53,49,61,13,16,165,236,8,11,48,11,1800,209,76,150,359,45,69,40,60,41,70,16,13,145,208,6,8,48,13,1800
"149","19",2026-07-11,"Carlton","Hawthorn",39,103,216,57,135,351,22,98,41,45,34,78,20,15,153,168,6,8,28,1,1799,241,57,167,408,53,78,39,57,46,83,15,20,177,201,9,13,52,0,1801
"150","19",2026-07-11,"Adelaide","Gold Coast",128,49,225,76,159,384,44,90,31,59,53,46,32,18,147,232,3,13,43,3,1797,181,73,156,337,61,55,41,38,35,60,18,32,120,205,5,5,48,4,1801
"151","19",2026-07-12,"Western Bulldogs","West Coast",86,70,206,79,125,331,36,62,38,45,39,55,19,18,124,189,5,16,48,6,1800,214,101,116,330,45,68,32,48,33,57,18,19,132,200,9,11,33,12,1800
"152","19",2026-07-12,"Melbourne","Richmond",111,65,221,103,186,407,37,62,36,62,36,60,17,21,146,250,17,22,41,8,1800,185,55,140,325,36,42,45,46,42,55,21,17,139,170,7,5,52,7,1800
"153","19",2026-07-12,"Brisbane Lions","Essendon",149,59,258,132,166,424,40,37,30,69,44,48,22,19,123,286,10,20,30,8,1800,170,65,123,293,36,53,47,39,30,56,19,22,106,175,5,11,37,8,1798
"154","20",2026-07-16,"Geelong","St Kilda",102,75,224,110,184,408,43,52,35,61,43,51,14,11,136,260,12,15,43,6,1800,199,72,211,410,33,81,46,48,41,65,11,14,136,253,6,11,34,6,1801
"155","20",2026-07-17,"Sydney","Adelaide",71,87,201,53,152,353,53,60,43,59,38,58,14,19,149,178,7,4,74,12,1799,258,85,151,409,34,72,48,56,51,55,19,14,166,226,15,10,61,0,1798
"156","20",2026-07-18,"Port Adelaide","Fremantle",75,103,220,100,121,341,37,58,40,47,36,55,25,21,122,212,4,8,38,12,1799,194,86,185,379,35,67,36,55,36,63,21,25,133,242,17,16,38,12,1799
"157","20",2026-07-18,"North Melbourne","Melbourne",76,92,223,107,173,396,23,48,37,55,34,47,10,14,109,269,13,16,37,8,1799,205,103,168,373,31,39,43,50,36,31,14,10,113,255,11,15,43,22,1800
"158","20",2026-07-18,"Collingwood","Carlton",90,69,207,87,161,368,49,72,42,51,39,54,22,15,128,226,9,13,44,4,1802,224,111,159,383,18,48,37,53,41,59,15,22,115,259,1,12,43,5,1801
"159","20",2026-07-18,"West Coast","Brisbane Lions",69,93,197,67,125,322,48,69,44,49,42,56,20,15,129,179,3,8,44,12,1798,239,115,155,394,38,56,38,58,38,54,15,20,139,241,15,12,48,6,1800
"160","20",2026-07-19,"Richmond","Hawthorn",52,122,187,69,142,329,26,50,41,51,35,52,11,23,120,194,9,12,42,6,1802,230,107,201,431,31,68,44,60,29,45,23,11,122,295,8,14,39,17,1800
"161","20",2026-07-19,"Gold Coast","Western Bulldogs",68,77,204,100,197,401,45,62,32,53,39,61,21,25,128,271,14,15,41,17,1801,203,91,106,309,28,42,42,43,31,53,25,21,110,193,9,10,50,10,1798
"162","20",2026-07-19,"Essendon","Greater Western Sydney",67,64,196,72,171,367,41,71,38,49,45,48,27,15,133,218,6,8,37,13,1802,183,85,185,368,37,78,37,46,28,61,15,27,120,244,3,16,41,5,1798
"163","21",2026-07-23,"Adelaide","Collingwood",74,108,211,92,143,354,43,68,33,47,41,44,19,14,140,211,13,12,56,1,1800,211,80,176,387,47,67,35,49,38,50,14,19,150,218,17,11,45,7,1800
"164","21",2026-07-24,"Melbourne","Geelong",97,117,204,78,159,363,49,49,44,51,35,59,19,11,131,220,9,17,40,17,1802,227,113,148,375,22,46,36,62,35,47,11,19,128,243,8,16,40,14,1800
"165","21",2026-07-24,"Fremantle","West Coast",112,42,195,87,175,370,50,57,28,52,37,49,27,13,127,239,12,14,36,14,1802,206,116,169,375,27,46,35,35,30,64,13,27,105,263,8,7,37,15,1800
"166","21",2026-07-25,"Carlton","Gold Coast",110,97,256,133,182,438,22,52,37,57,39,58,25,14,140,295,11,13,35,5,1797,172,77,149,321,37,34,41,52,28,59,14,25,111,205,5,15,34,8,1800
"167","21",2026-07-25,"Hawthorn","Essendon",132,39,259,148,203,462,29,47,31,68,38,65,24,23,128,332,9,18,33,10,1797,172,73,130,302,37,59,47,36,26,55,23,24,102,181,7,9,38,2,1800
"168","21",2026-07-25,"Greater Western Sydney","Sydney",88,139,209,111,164,373,25,40,36,51,25,59,16,23,114,249,7,14,34,14,1800,183,62,169,352,38,46,36,57,46,51,23,16,126,219,7,16,38,10,1799
"169","21",2026-07-25,"Western Bulldogs","Richmond",105,48,251,127,153,404,36,55,31,61,37,50,19,17,127,270,14,20,49,13,1801,228,122,144,372,40,55,43,39,35,50,17,19,111,251,7,5,31,2,1798
"170","21",2026-07-26,"Brisbane Lions","Port Adelaide",126,67,262,133,151,413,25,56,34,63,37,47,8,14,121,271,11,19,37,4,1801,195,74,127,322,44,43,43,45,35,52,14,8,123,181,7,17,34,6,1801
"171","21",2026-07-26,"North Melbourne","St Kilda",62,93,212,127,154,366,24,33,42,44,23,62,16,26,100,255,8,20,43,2,1801,231,102,173,404,23,44,36,58,41,41,26,16,139,258,12,10,36,12,1801
"172","22",2026-07-30,"Collingwood","Geelong",72,97,190,84,168,358,37,75,52,45,34,43,24,7,137,211,14,11,39,3,1800,208,86,154,362,47,66,35,67,51,57,7,24,136,213,11,19,41,10,1801
"173","22",2026-07-31,"Fremantle","Western Bulldogs",78,41,241,136,129,370,41,51,32,54,29,47,19,15,108,251,10,14,37,18,1797,199,78,154,353,27,50,43,38,37,60,15,19,128,215,4,9,51,3,1798
"174","22",2026-08-01,"St Kilda","Sydney",88,107,219,94,169,388,22,54,43,49,33,67,16,28,128,254,11,11,35,11,1799,204,81,161,365,35,48,36,60,40,57,28,16,142,213,9,14,54,9,1802
"175","22",2026-08-01,"Hawthorn","North Melbourne",99,83,217,106,154,371,36,50,27,61,33,40,16,15,110,250,8,16,31,11,1802,200,98,177,377,34,59,46,40,35,47,15,16,110,253,7,14,35,4,1799
"176","22",2026-08-01,"Port Adelaide","Greater Western Sydney",63,75,224,89,115,339,49,68,41,51,37,56,23,15,142,181,6,10,54,3,1798,202,74,157,359,30,72,42,53,35,61,15,23,136,206,12,8,51,10,1797
"177","22",2026-08-01,"Carlton","Brisbane Lions",154,78,243,125,165,408,24,38,38,62,43,49,22,20,124,276,13,20,30,1,1802,201,92,137,338,47,39,37,49,33,60,20,22,114,224,11,8,29,7,1800
"178","22",2026-08-02,"Richmond","West Coast",84,73,188,63,156,344,47,71,43,45,30,67,22,25,138,194,10,10,41,3,1799,194,59,133,327,37,73,33,52,38,57,25,22,133,175,10,14,31,12,1801
"179","22",2026-08-02,"Gold Coast","Melbourne",105,114,190,76,126,316,42,57,37,58,38,48,23,15,130,179,12,13,47,13,1800,209,105,155,364,39,67,40,55,33,56,15,23,133,227,15,16,40,5,1800
"180","22",2026-08-02,"Essendon","Adelaide",73,145,194,84,156,350,29,55,35,49,33,44,24,19,118,229,3,6,44,5,1800,215,104,134,349,47,57,37,58,39,53,19,24,124,225,17,23,38,4,1800
"181","23",2026-08-06,"Western Bulldogs","North Melbourne",77,100,185,67,166,351,25,61,33,59,33,36,21,17,132,216,6,9,51,11,1800,240,109,178,418,43,64,47,49,42,56,17,21,139,264,10,19,44,5,1799
"182","23",2026-08-07,"Brisbane Lions","Hawthorn",125,58,260,109,134,394,26,50,41,65,32,47,13,14,131,224,15,16,51,6,1800,190,78,159,349,40,49,47,50,43,49,14,13,120,212,7,11,47,7,1798
"183","23",2026-08-08,"Melbourne","Fremantle",113,109,183,67,140,323,34,68,34,56,32,55,29,19,138,179,6,14,39,6,1799,191,91,130,321,40,59,37,51,43,61,19,29,113,208,12,15,39,5,1802
"184","23",2026-08-08,"Sydney","Port Adelaide",167,70,206,86,219,425,27,61,40,63,41,50,10,11,130,276,10,21,41,22,1803,197,83,142,339,47,42,35,50,38,53,11,10,125,204,8,12,36,5,1801
"185","23",2026-08-08,"Geelong","Essendon",117,50,213,77,146,359,35,70,34,55,48,59,19,21,140,198,11,21,35,8,1799,177,51,126,303,53,72,38,44,36,47,21,19,126,161,1,10,40,0,1800
"186","23",2026-08-08,"Adelaide","Richmond",63,54,210,68,148,358,42,66,44,50,38,53,26,17,148,186,8,6,45,4,1801,191,61,126,317,39,58,40,51,39,57,17,26,136,165,8,10,60,5,1800
"187","23",2026-08-09,"Greater Western Sydney","Gold Coast",77,79,200,36,121,321,42,85,36,58,45,73,20,20,171,130,2,5,62,2,1800,214,60,139,353,63,90,47,48,53,67,20,20,167,165,5,8,56,2,1799
"188","23",2026-08-09,"West Coast","Collingwood",98,117,199,85,177,376,45,68,45,52,36,67,17,22,143,225,10,10,50,7,1801,192,60,178,370,36,74,35,64,47,62,22,17,157,206,6,12,44,4,1798
"189","23",2026-08-09,"St Kilda","Carlton",62,106,176,70,155,331,29,42,39,44,42,49,10,16,117,202,11,13,33,3,1799,235,117,170,405,33,60,36,56,35,49,16,10,118,267,10,21,43,5,1801
"190","24",2026-08-14,"Fremantle","Adelaide",112,88,190,75,163,353,54,72,32,60,44,44,17,19,134,210,13,13,53,10,1802,208,75,112,320,39,58,44,46,38,42,19,17,135,167,12,6,51,1,1802
"191","24",2026-08-15,"Richmond","St Kilda",45,94,179,89,156,335,42,60,44,47,31,56,11,21,111,215,4,11,45,5,1800,264,121,188,452,43,88,41,60,45,55,21,11,155,290,10,11,41,12,1800
"192","24",2026-08-15,"North Melbourne","Geelong",110,125,182,55,178,360,45,71,45,45,50,58,22,22,133,211,12,14,32,10,1802,207,86,137,344,40,74,27,65,37,49,22,22,124,207,5,17,44,5,1798
"193","24",2026-08-15,"Brisbane Lions","Gold Coast",95,53,226,98,128,354,31,69,45,45,30,55,24,15,112,220,7,13,42,8,1800,182,77,156,338,42,57,30,52,35,62,15,24,122,207,8,12,36,10,1799
"194","24",2026-08-15,"Hawthorn","Collingwood",92,92,221,99,138,359,48,55,47,47,29,55,18,16,126,219,6,16,42,4,1802,195,70,189,384,30,92,32,60,41,60,16,18,129,234,5,10,39,4,1799
"195","24",2026-08-15,"Port Adelaide","Melbourne",56,132,214,98,124,338,32,53,40,49,44,67,12,24,122,205,8,12,44,4,1799,216,68,188,404,25,73,40,62,30,48,24,12,146,240,5,12,43,2,1800
"196","24",2026-08-16,"Greater Western Sydney","West Coast",111,57,229,111,150,379,41,60,46,53,35,54,14,21,124,249,10,19,46,4,1803,197,82,124,321,44,55,37,53,38,36,21,14,120,189,6,13,33,12,1802
"197","24",2026-08-16,"Western Bulldogs","Carlton",82,82,191,76,153,344,22,55,36,58,36,64,15,23,129,206,10,10,54,11,1799,268,146,188,456,37,62,43,48,39,58,23,15,138,310,9,10,37,3,1800
"198","24",2026-08-16,"Essendon","Sydney",76,112,223,96,157,380,31,76,35,50,33,50,24,14,134,231,3,11,32,5,1799,199,73,200,399,33,61,39,54,40,67,14,24,141,243,9,17,51,18,1801
"199","25",2026-08-20,"St Kilda","Gold Coast",80,103,189,72,195,384,28,68,34,51,32,61,16,19,121,247,5,9,39,15,1801,208,98,181,389,45,60,37,50,40,48,19,16,126,256,6,17,43,8,1799
"200","25",2026-08-21,"Collingwood","Brisbane Lions",96,159,173,79,182,355,36,65,33,48,35,51,14,14,117,228,7,15,32,6,1802,234,107,132,366,49,39,33,59,51,50,14,14,131,220,12,21,46,5,1801
"201","25",2026-08-22,"Carlton","Fremantle",119,82,245,127,168,413,22,40,28,52,43,47,14,16,126,278,11,22,27,9,1798,157,71,143,300,39,52,34,42,30,44,16,14,104,188,6,15,38,3,1799
"202","25",2026-08-22,"Melbourne","Western Bulldogs",87,108,202,73,129,331,66,72,34,59,46,42,17,14,136,179,22,14,43,13,1803,215,83,160,375,24,55,45,50,37,48,14,17,139,219,20,17,54,5,1801
"203","25",2026-08-22,"Geelong","Richmond",133,76,218,106,218,436,33,58,36,66,33,55,10,20,133,299,15,17,33,5,1801,186,71,145,331,44,48,46,48,44,50,20,10,129,184,10,14,33,5,1801
"204","25",2026-08-22,"Adelaide","Greater Western Sydney",157,101,226,89,174,400,42,45,41,64,41,46,21,20,150,237,13,16,30,2,1800,175,64,155,330,36,54,37,56,30,58,20,21,106,209,5,13,45,5,1802
"205","25",2026-08-23,"Essendon","Port Adelaide",95,105,210,101,174,384,39,75,31,56,37,52,13,18,134,252,11,17,36,1,1799,209,80,142,351,37,49,41,49,37,51,18,13,128,204,5,16,41,5,1802
"206","25",2026-08-23,"Sydney","North Melbourne",123,70,214,77,176,390,42,69,29,70,48,56,17,12,146,238,6,12,49,14,1799,213,106,159,372,28,64,51,39,31,50,12,17,119,237,10,14,49,6,1801
"207","25",2026-08-23,"West Coast","Hawthorn",45,107,196,62,166,362,48,56,49,46,32,67,21,20,139,210,3,6,49,6,1800,236,87,132,368,36,72,38,66,40,66,20,21,143,205,10,17,53,3,1800
