"","Round","Date","Home.team","Away.team","Margin","Kicks.diff","Marks.diff","Handballs.diff","Disposals.diff","Hit.Outs.diff","Tackles.diff","Rebounds.diff","Inside.50s.diff","Clearances.diff","Clangers.diff","Frees.For.diff","Frees.Against.diff","Contested.Possessions.diff","Uncontested.Possessions.diff","Contested.Marks.diff","Marks.Inside.50.diff","One.Percenters.diff","Bounces.diff","Time.on.Ground.diff"
"1","Wildcard Final",2026-08-28,"Western Bulldogs","Collingwood",3,29,14,-2,27,-5,-27,-19,19,19,-14,6,-6,11,33,-5,4,6,-5,3
"2","Wildcard Final",2026-08-29,"Melbourne","Carlton",-19,-57,-56,-41,-98,13,9,-1,-3,3,2,-12,12,-24,-68,-6,-10,-5,-1,4
"3","QF",2026-09-03,"Fremantle","Hawthorn",-32,12,29,63,75,1,-9,-8,6,-1,17,0,0,0,71,2,-2,-11,14,-5
"4","EF",2026-09-04,"Geelong","Carlton",33,14,9,-13,1,10,-10,-9,12,-5,-18,4,-4,12,8,2,7,-12,-8,-2
"5","QF",2026-09-05,"Sydney","Brisbane Lions",53,-5,-15,15,10,4,15,-9,17,9,-13,4,-4,19,-8,0,8,-2,1,-2
"6","EF",2026-09-05,"Adelaide","Western Bulldogs",22,71,52,16,87,24,1,17,-12,-7,-3,8,-8,-4,65,5,4,-10,0,1
"7","SF",2026-09-11,"Fremantle","Geelong",14,-1,-1,38,37,19,13,-12,13,13,12,1,-1,8,26,5,5,6,7,0
"8","SF",2026-09-12,"Brisbane Lions","Adelaide",53,49,41,-35,14,-5,-5,-10,17,4,4,-4,4,7,20,1,1,12,3,-1
"9","PF",2026-09-18,"Sydney","Fremantle",-12,-35,-26,-19,-54,-12,16,15,-18,-14,2,4,-4,-30,-44,-9,-2,15,5,-6
"10","PF",2026-09-19,"Hawthorn","Brisbane Lions",-9,-45,-21,0,-45,-1,4,6,-7,-1,1,-5,5,-7,-34,5,-6,-15,-6,-1
"11","GF",2026-09-26,"Fremantle","Brisbane Lions",-7,-42,-7,-8,-50,18,1,-16,14,14,-10,5,-5,9,-42,10,3,-18,1,0
