"","patient_id","waiting_time","tests_ordered"
"1",1,13.3,1
"2",2,35.2,5
"3",3,15,10
"4",4,27.6,1
"5",5,17.8,3
"6",6,71.6,1
"7",7,74.8,7
"8",8,60.4,0
"9",9,60.7,6
"10",10,18.7,1
"11",11,45.9,7
"12",12,29.4,4
"13",13,65.5,1
"14",14,58.6,0
"15",15,24.2,8
"16",16,9.6,3
"17",17,48.7,2
"18",18,17.7,2
"19",19,40.8,6
"20",20,97.6,7
"21",21,28.3,4
"22",22,35.8,2
"23",23,48.5,3
"24",24,43.1,5
"25",25,35.8,1
"26",26,18.3,0
"27",27,74.4,2
"28",28,70.1,0
"29",29,66.5,1
"30",30,17.6,3
"31",31,46.2,3
"32",32,17.6,10
"33",33,93.3,3
"34",34,18.7,1
"35",35,119.3,1
"36",36,27.2,6
"37",37,59.5,2
"38",38,74.5,3
"39",39,54,6
"40",40,17.6,2
"41",41,75.9,3
"42",42,55,1
"43",43,120.3,5
"44",44,74.6,9
"45",45,60.2,4
"46",46,45.4,4
"47",47,61.8,4
"48",48,80.8,1
"49",49,69,2
"50",50,32.5,4
"51",51,50.5,4
"52",52,24.2,3
"53",53,55.3,1
"54",54,91.7,3
"55",55,83.2,0
"56",56,67.1,2
"57",57,76.1,0
"58",58,62.1,1
"59",59,48,5
"60",60,18.3,8
"61",61,54.9,8
"62",62,80.7,6
"63",63,167.2,8
"64",64,14.1,0
"65",65,78.8,1
"66",66,78,6
"67",67,72.8,2
"68",68,14.2,1
"69",69,33.8,1
"70",70,38.9,8
"71",71,16.1,6
"72",72,52.3,2
"73",73,14.8,6
"74",74,37.2,3
"75",75,25.4,1
"76",76,70.2,0
"77",77,110.7,2
"78",78,47.1,6
"79",79,36.1,0
"80",80,42.3,4
"81",81,66.4,1
"82",82,63.5,4
"83",83,81.4,3
"84",84,53.1,6
"85",85,44.1,9
"86",86,31.6,10
"87",87,25,5
"88",88,47.3,9
"89",89,48.9,3
"90",90,100.7,5
"91",91,28.9,0
"92",92,100.6,2
"93",93,127.7,11
"94",94,76.5,3
"95",95,13.5,2
"96",96,16,1
"97",97,10.8,5
"98",98,17.7,7
"99",99,17.3,3
"100",100,28.9,4
"101",101,29.7,6
"102",102,65.2,4
"103",103,17.6,0
"104",104,81.2,9
"105",105,85,4
"106",106,61.6,3
"107",107,33.1,2
"108",108,50.3,4
"109",109,51.8,6
"110",110,37.8,2
"111",111,20,9
"112",112,18.3,8
"113",113,47,1
"114",114,34.8,1
"115",115,53.8,5
"116",116,16.6,1
"117",117,45.9,1
"118",118,62.6,7
"119",119,44.9,4
"120",120,44.8,2
"121",121,42.6,9
"122",122,51.6,2
"123",123,61.2,1
"124",124,40.1,3
"125",125,20.5,8
"126",126,65,2
"127",127,79.3,4
"128",128,58.1,10
"129",129,30.2,3
"130",130,47.2,3
"131",131,41.1,4
"132",132,15.4,1
"133",133,68.8,0
"134",134,25.1,4
"135",135,23.4,3
"136",136,43.2,2
"137",137,64.9,5
"138",138,52.4,1
"139",139,33,0
"140",140,13.8,12
"141",141,30.2,5
"142",142,21.9,13
"143",143,61,12
"144",144,108.5,3
"145",145,29.8,6
"146",146,60.1,9
"147",147,19,1
"148",148,49,4
"149",149,36.2,4
"150",150,51.9,1
"151",151,31,8
"152",152,53.9,2
"153",153,54.5,3
"154",154,42,3
"155",155,34.2,1
"156",156,37.6,1
"157",157,16.8,5
"158",158,57.8,10
"159",159,17.7,0
"160",160,69.3,4
"161",161,48,0
"162",162,26.6,4
"163",163,38.3,1
"164",164,15.2,0
"165",165,17.2,3
"166",166,57.1,9
"167",167,11.4,2
"168",168,77,8
"169",169,66.5,8
"170",170,6.9,3
"171",171,30,3
"172",172,32.2,1
"173",173,68,3
"174",174,54.6,8
"175",175,23.5,3
"176",176,35.5,4
"177",177,13.1,0
"178",178,14,5
"179",179,47.4,9
"180",180,16.7,4
"181",181,37.1,0
"182",182,33.4,3
"183",183,49.3,9
"184",184,30.7,5
"185",185,10.1,2
"186",186,29.7,2
"187",187,78.3,0
"188",188,16.4,8
"189",189,77.6,3
"190",190,56,2
"191",191,111.9,2
"192",192,37.8,0
"193",193,91.4,7
"194",194,65,1
"195",195,65.8,4
"196",196,47.3,1
"197",197,34.4,4
"198",198,43,1
"199",199,98.2,1
"200",200,14.2,5
