"","household_id","region","adults","children","household_size","receives_support","weekly_income","weekly_rent","income_2025","income_2026"
"1",1,"Capital city",4,0,4,"Yes",811,423,827,881
"2",2,"Capital city",1,3,4,"No",1735,621,1639,1762
"3",3,"Capital city",2,3,5,"No",1233,449,1252,1282
"4",4,"Capital city",3,1,4,"Yes",1153,338,1092,1139
"5",5,"Regional",2,0,2,"No",1213,375,1220,1160
"6",6,"Regional",2,2,4,"No",3237,1005,3039,3229
"7",7,"Capital city",1,4,5,"Yes",2142,647,2067,2190
"8",8,"Regional",2,4,6,"No",1399,472,1303,1494
"9",9,"Capital city",1,1,2,"No",847,259,808,719
"10",10,"Capital city",3,2,5,"Yes",4035,1413,4023,4370
"11",11,"Capital city",2,2,4,"No",1197,649,1204,1063
"12",12,"Capital city",4,3,7,"No",2338,815,2302,2196
"13",13,"Capital city",1,0,1,"Yes",1652,616,1622,1617
"14",14,"Capital city",2,1,3,"Yes",1269,605,1183,1326
"15",15,"Capital city",2,0,2,"No",2046,718,2048,2222
"16",16,"Regional",2,2,4,"No",1126,394,1094,1263
"17",17,"Regional",1,1,2,"No",1825,690,1810,2003
"18",18,"Regional",4,2,6,"No",1588,615,1587,1578
"19",19,"Regional",1,0,1,"Yes",449,120,438,358
"20",20,"Regional",2,0,2,"No",1398,309,1309,1226
"21",21,"Capital city",2,0,2,"No",1738,731,1635,1623
"22",22,"Regional",3,3,6,"Yes",2251,590,2106,1856
"23",23,"Regional",1,3,4,"Yes",1624,454,1541,1331
"24",24,"Capital city",2,1,3,"Yes",1294,519,1234,1242
"25",25,"Capital city",1,3,4,"No",2118,854,1958,1968
"26",26,"Regional",1,0,1,"No",1555,526,1509,1546
"27",27,"Capital city",2,0,2,"No",1477,488,1382,1849
"28",28,"Capital city",1,0,1,"No",1381,507,1277,1290
"29",29,"Capital city",1,2,3,"No",2043,666,2052,2260
"30",30,"Regional",2,2,4,"Yes",771,289,710,547
"31",31,"Regional",2,0,2,"No",1796,528,1825,2005
"32",32,"Regional",2,2,4,"No",1430,479,1387,1291
"33",33,"Capital city",3,2,5,"No",2648,963,2471,2514
"34",34,"Regional",4,1,5,"No",1546,439,1529,1411
"35",35,"Regional",2,0,2,"Yes",1404,425,1427,1548
"36",36,"Capital city",2,2,4,"No",1966,794,1901,2018
"37",37,"Regional",1,0,1,"No",1502,658,1399,1777
"38",38,"Capital city",4,0,4,"No",1716,641,1640,1890
"39",39,"Capital city",2,0,2,"Yes",1236,496,1152,1310
"40",40,"Regional",2,0,2,"No",2585,775,2463,2481
"41",41,"Capital city",4,2,6,"No",2548,976,2354,2287
"42",42,"Regional",3,0,3,"No",1954,628,1930,1951
"43",43,"Regional",2,0,2,"No",3179,922,3176,3118
"44",44,"Capital city",2,1,3,"Yes",1294,476,1216,1288
"45",45,"Capital city",3,0,3,"No",3022,954,3079,3144
"46",46,"Capital city",3,4,7,"No",1373,629,1329,1467
"47",47,"Capital city",3,0,3,"No",1524,750,1474,1482
"48",48,"Capital city",1,2,3,"Yes",1384,542,1307,1283
"49",49,"Capital city",2,0,2,"No",1202,597,1220,1265
"50",50,"Capital city",2,2,4,"Yes",1672,703,1693,1711
"51",51,"Capital city",1,0,1,"No",2103,687,1996,2131
"52",52,"Regional",1,1,2,"No",1111,340,1062,1194
"53",53,"Capital city",2,0,2,"No",797,463,770,682
"54",54,"Capital city",2,1,3,"Yes",1705,560,1658,1496
"55",55,"Capital city",3,0,3,"No",1608,705,1522,1594
"56",56,"Regional",2,0,2,"No",1324,349,1307,1348
"57",57,"Capital city",3,0,3,"Yes",1661,389,1551,1660
"58",58,"Capital city",2,0,2,"No",2372,936,2349,2407
"59",59,"Capital city",1,2,3,"Yes",1355,384,1283,1292
"60",60,"Regional",2,1,3,"No",1763,766,1640,1753
"61",61,"Regional",2,2,4,"Yes",996,531,931,1174
"62",62,"Capital city",1,0,1,"Yes",1092,386,1032,1202
"63",63,"Regional",2,0,2,"No",698,280,692,844
"64",64,"Capital city",1,0,1,"No",994,416,921,947
"65",65,"Capital city",2,0,2,"No",794,304,756,774
"66",66,"Capital city",1,4,5,"No",1699,771,1699,1779
"67",67,"Capital city",2,0,2,"No",1246,538,1179,1282
"68",68,"Capital city",2,2,4,"No",2161,836,2033,1916
"69",69,"Regional",2,1,3,"Yes",1339,445,1288,1051
"70",70,"Regional",2,1,3,"No",1157,314,1178,1194
"71",71,"Regional",1,0,1,"No",1192,220,1150,1250
"72",72,"Regional",2,2,4,"No",1472,355,1410,1319
"73",73,"Capital city",1,2,3,"No",1674,635,1573,1515
"74",74,"Regional",1,0,1,"Yes",663,314,620,896
"75",75,"Capital city",2,2,4,"No",1819,615,1815,1558
"76",76,"Capital city",3,0,3,"Yes",452,184,440,570
"77",77,"Capital city",2,2,4,"No",1420,534,1415,1830
"78",78,"Regional",1,1,2,"No",2145,693,2180,2220
"79",79,"Capital city",2,0,2,"No",1315,486,1341,1661
"80",80,"Capital city",2,2,4,"Yes",1108,571,1042,1016
"81",81,"Capital city",4,3,7,"No",1692,716,1670,2066
"82",82,"Capital city",2,0,2,"No",1796,748,1687,1828
"83",83,"Regional",1,3,4,"No",1783,564,1745,1747
"84",84,"Regional",3,0,3,"No",1631,598,1660,1467
"85",85,"Regional",4,1,5,"No",992,267,963,1160
"86",86,"Capital city",1,0,1,"No",1159,520,1178,1187
"87",87,"Regional",2,2,4,"No",1108,347,1113,1065
"88",88,"Capital city",2,1,3,"No",3097,1282,2897,3048
"89",89,"Regional",3,3,6,"No",1743,545,1666,1735
"90",90,"Regional",2,0,2,"Yes",1161,461,1154,1187
"91",91,"Capital city",2,3,5,"Yes",725,462,680,901
"92",92,"Capital city",2,3,5,"No",908,347,917,1029
"93",93,"Capital city",3,0,3,"No",1863,577,1822,1830
"94",94,"Regional",1,0,1,"No",1507,396,1535,1176
"95",95,"Regional",1,2,3,"Yes",1136,478,1111,1037
"96",96,"Regional",1,0,1,"Yes",957,453,908,961
"97",97,"Capital city",1,0,1,"No",904,364,835,739
"98",98,"Regional",2,0,2,"No",985,221,927,1020
"99",99,"Capital city",2,0,2,"No",1003,302,1011,1004
"100",100,"Capital city",2,1,3,"No",2021,812,1920,2092
"101",101,"Capital city",2,0,2,"No",2377,706,2387,2324
"102",102,"Regional",2,2,4,"No",767,286,708,501
"103",103,"Regional",2,2,4,"No",2162,669,2183,2491
"104",104,"Capital city",1,2,3,"No",1804,693,1753,1900
"105",105,"Capital city",4,0,4,"Yes",1577,599,1553,1596
"106",106,"Capital city",3,4,7,"No",1838,581,1842,1882
"107",107,"Capital city",3,2,5,"Yes",1483,599,1492,1607
"108",108,"Capital city",2,3,5,"No",2428,1077,2453,2440
"109",109,"Capital city",2,3,5,"No",1634,725,1539,1686
"110",110,"Regional",1,4,5,"No",1341,544,1277,1116
"111",111,"Capital city",2,3,5,"Yes",1944,766,1803,1975
"112",112,"Regional",2,2,4,"No",914,215,887,974
"113",113,"Regional",3,0,3,"No",1774,556,1802,1781
"114",114,"Capital city",1,0,1,"No",1013,439,1020,1186
"115",115,"Capital city",3,2,5,"Yes",1527,594,1462,1552
"116",116,"Capital city",2,0,2,"No",1088,666,1004,964
"117",117,"Capital city",3,1,4,"No",1634,618,1551,1720
"118",118,"Regional",3,3,6,"No",1709,526,1590,1699
"119",119,"Capital city",2,0,2,"No",1921,902,1915,1994
"120",120,"Capital city",1,1,2,"No",832,406,809,959
"121",121,"Regional",2,0,2,"No",2511,640,2423,2383
"122",122,"Regional",2,1,3,"No",1531,560,1425,1442
"123",123,"Capital city",2,0,2,"No",902,426,853,1119
"124",124,"Capital city",1,0,1,"No",1589,549,1465,1271
"125",125,"Capital city",3,1,4,"No",1919,796,1951,2056
"126",126,"Regional",1,1,2,"No",1429,512,1450,1705
"127",127,"Capital city",3,0,3,"No",1854,719,1743,1988
"128",128,"Capital city",1,0,1,"No",1612,636,1580,1445
"129",129,"Capital city",1,0,1,"Yes",1846,698,1769,1692
"130",130,"Regional",2,1,3,"Yes",661,321,639,818
"131",131,"Regional",2,2,4,"No",1712,566,1642,1481
"132",132,"Regional",2,1,3,"No",1882,719,1819,2014
"133",133,"Regional",2,2,4,"No",1519,501,1445,1534
"134",134,"Capital city",3,0,3,"No",1196,354,1119,988
"135",135,"Regional",2,0,2,"Yes",1369,552,1359,1204
"136",136,"Regional",1,2,3,"No",1154,381,1112,1091
"137",137,"Capital city",4,1,5,"No",1665,667,1651,1908
"138",138,"Regional",1,0,1,"No",1201,632,1130,1272
"139",139,"Capital city",1,0,1,"Yes",1554,693,1515,1668
"140",140,"Capital city",2,1,3,"No",1505,630,1463,1338
"141",141,"Regional",2,0,2,"No",1048,287,1002,867
"142",142,"Regional",2,2,4,"No",916,214,886,935
"143",143,"Regional",1,0,1,"No",2151,653,2121,1989
"144",144,"Capital city",1,0,1,"No",1101,496,1111,1374
"145",145,"Regional",2,2,4,"No",2248,779,2276,2334
"146",146,"Capital city",2,1,3,"No",2946,958,2937,3213
"147",147,"Capital city",2,1,3,"No",1907,812,1881,1834
"148",148,"Capital city",1,1,2,"No",2009,737,2002,2150
"149",149,"Regional",2,2,4,"Yes",1199,347,1182,1590
"150",150,"Regional",1,0,1,"No",866,290,828,642
"151",151,"Regional",2,0,2,"Yes",3361,1087,3210,3122
"152",152,"Regional",2,2,4,"No",1187,409,1117,1253
"153",153,"Capital city",2,2,4,"Yes",1051,428,996,1129
"154",154,"Regional",2,1,3,"No",1080,221,1003,856
"155",155,"Capital city",2,3,5,"Yes",2635,975,2570,2887
"156",156,"Capital city",4,3,7,"No",1907,700,1844,1529
"157",157,"Capital city",4,0,4,"No",1088,266,1005,1157
"158",158,"Capital city",2,0,2,"Yes",1025,324,977,926
"159",159,"Regional",4,2,6,"No",1127,256,1095,1042
"160",160,"Capital city",1,2,3,"No",2228,798,2209,2201
"161",161,"Capital city",2,1,3,"No",2551,888,2601,2706
"162",162,"Capital city",2,1,3,"No",1229,417,1175,1095
"163",163,"Capital city",2,0,2,"No",3140,1229,3081,3308
"164",164,"Capital city",2,1,3,"No",1124,538,1087,1054
"165",165,"Capital city",1,2,3,"No",2006,665,1990,1964
"166",166,"Capital city",2,1,3,"No",2635,1149,2482,2502
"167",167,"Regional",1,1,2,"No",1365,332,1259,1593
"168",168,"Regional",2,1,3,"Yes",1370,445,1318,1400
"169",169,"Regional",2,3,5,"No",1925,544,1778,2016
"170",170,"Capital city",1,2,3,"No",2110,861,2022,2162
"171",171,"Capital city",1,0,1,"Yes",977,406,986,1291
"172",172,"Capital city",1,0,1,"No",1723,759,1612,1574
"173",173,"Regional",2,2,4,"No",1132,406,1127,1065
"174",174,"Capital city",2,0,2,"No",1950,810,1984,2200
"175",175,"Capital city",2,2,4,"No",1695,597,1673,1586
"176",176,"Capital city",1,3,4,"No",1568,595,1551,1626
"177",177,"Capital city",2,0,2,"No",1459,652,1370,1485
"178",178,"Regional",2,3,5,"No",1582,468,1529,1870
"179",179,"Capital city",2,0,2,"No",1479,655,1369,1309
"180",180,"Regional",2,2,4,"No",1942,491,1870,2277
"181",181,"Capital city",2,0,2,"No",1512,641,1498,1366
"182",182,"Regional",2,1,3,"Yes",1641,838,1611,1599
"183",183,"Capital city",2,1,3,"No",1783,676,1710,1806
"184",184,"Regional",4,3,7,"No",2393,851,2276,2561
"185",185,"Capital city",1,0,1,"Yes",978,435,917,992
"186",186,"Capital city",4,0,4,"Yes",944,314,954,808
"187",187,"Capital city",1,1,2,"No",1409,640,1355,1326
"188",188,"Capital city",2,1,3,"No",2184,746,2186,2420
"189",189,"Capital city",2,2,4,"Yes",1721,770,1697,1814
"190",190,"Capital city",3,0,3,"Yes",1659,669,1564,1635
"191",191,"Capital city",2,0,2,"No",1335,593,1300,1461
"192",192,"Capital city",1,3,4,"No",1833,989,1695,1844
"193",193,"Regional",2,0,2,"Yes",2311,671,2262,2436
"194",194,"Regional",3,0,3,"No",1838,576,1832,1711
"195",195,"Capital city",2,1,3,"Yes",969,545,980,722
"196",196,"Regional",2,1,3,"No",1827,643,1822,1791
"197",197,"Regional",3,1,4,"Yes",1239,327,1161,1299
"198",198,"Regional",2,3,5,"No",1932,624,1803,1688
"199",199,"Capital city",2,0,2,"No",1285,425,1233,1378
"200",200,"Regional",2,2,4,"No",1281,471,1285,1131
"201",201,"Regional",1,4,5,"Yes",832,210,804,998
"202",202,"Regional",2,0,2,"No",1761,622,1714,2067
"203",203,"Regional",3,0,3,"No",1281,441,1249,1179
"204",204,"Regional",2,0,2,"Yes",730,219,722,801
"205",205,"Regional",2,2,4,"No",1871,618,1795,1731
"206",206,"Capital city",1,0,1,"Yes",1170,513,1078,1408
"207",207,"Capital city",2,1,3,"No",2130,877,1960,1888
"208",208,"Capital city",2,0,2,"No",771,330,711,720
"209",209,"Regional",2,0,2,"No",2773,718,2827,2844
"210",210,"Capital city",2,1,3,"No",1611,462,1513,1730
"211",211,"Regional",2,1,3,"No",2225,628,2166,2278
"212",212,"Regional",2,0,2,"No",2304,715,2175,2522
"213",213,"Capital city",2,2,4,"No",1641,661,1556,1569
"214",214,"Regional",1,3,4,"No",1822,688,1704,1977
"215",215,"Capital city",3,3,6,"No",1848,813,1751,1647
"216",216,"Capital city",2,0,2,"Yes",2269,918,2175,2313
"217",217,"Capital city",2,2,4,"No",2055,818,2088,2063
"218",218,"Capital city",2,2,4,"No",2172,650,2013,1646
"219",219,"Regional",1,0,1,"No",1059,424,1048,829
"220",220,"Regional",3,2,5,"No",1913,584,1909,1847
"221",221,"Regional",2,2,4,"No",1207,444,1144,1617
"222",222,"Capital city",2,0,2,"No",2158,766,2081,2135
"223",223,"Capital city",1,1,2,"No",1391,575,1381,1659
"224",224,"Regional",2,0,2,"Yes",699,361,677,601
"225",225,"Capital city",4,0,4,"Yes",2224,716,2148,2080
"226",226,"Regional",2,0,2,"No",2142,666,1975,2231
"227",227,"Regional",2,0,2,"Yes",1313,394,1328,1536
"228",228,"Capital city",2,1,3,"Yes",1446,399,1372,1462
"229",229,"Regional",2,0,2,"No",1044,332,998,1255
"230",230,"Regional",2,1,3,"No",2001,592,1875,1841
"231",231,"Capital city",1,1,2,"No",1885,629,1792,1899
"232",232,"Capital city",2,2,4,"No",1931,679,1814,1585
"233",233,"Capital city",1,2,3,"No",1466,706,1456,1928
"234",234,"Capital city",4,0,4,"Yes",1205,432,1210,1077
"235",235,"Regional",2,2,4,"Yes",1449,447,1358,1525
"236",236,"Regional",4,2,6,"Yes",3121,757,2897,2880
"237",237,"Capital city",2,2,4,"No",1807,589,1727,1736
"238",238,"Capital city",2,4,6,"No",1354,533,1280,1529
"239",239,"Regional",2,4,6,"No",1960,588,1856,1828
"240",240,"Capital city",2,0,2,"No",2534,1101,2485,2381
"241",241,"Capital city",3,0,3,"No",1167,338,1085,1054
"242",242,"Capital city",2,2,4,"Yes",1945,782,1956,1889
"243",243,"Regional",2,3,5,"Yes",1263,388,1230,1255
"244",244,"Capital city",2,0,2,"No",1150,505,1091,1180
"245",245,"Regional",1,2,3,"Yes",905,344,895,1072
"246",246,"Regional",2,0,2,"No",562,323,573,404
"247",247,"Regional",2,3,5,"No",1446,395,1431,1408
"248",248,"Regional",2,2,4,"No",1497,601,1394,1594
"249",249,"Regional",3,2,5,"Yes",2895,960,2760,2863
"250",250,"Regional",1,4,5,"Yes",1458,293,1465,1595
"251",251,"Capital city",2,2,4,"No",2114,489,2049,2130
"252",252,"Capital city",2,1,3,"No",2074,914,2107,2056
"253",253,"Regional",2,4,6,"No",964,197,982,1022
"254",254,"Capital city",2,0,2,"No",1204,425,1169,1276
"255",255,"Capital city",3,1,4,"No",3550,1356,3525,3690
"256",256,"Regional",2,0,2,"No",2610,830,2426,2480
"257",257,"Capital city",3,0,3,"No",1195,461,1211,1135
"258",258,"Capital city",2,4,6,"No",1402,609,1335,1490
"259",259,"Capital city",3,3,6,"No",2642,962,2620,2595
"260",260,"Capital city",2,0,2,"No",1214,561,1175,1339
"261",261,"Capital city",2,3,5,"No",1392,396,1312,1551
"262",262,"Regional",1,0,1,"No",1186,208,1176,1207
"263",263,"Capital city",2,2,4,"No",2763,1021,2630,2285
"264",264,"Capital city",3,0,3,"No",1927,868,1945,2042
"265",265,"Regional",2,0,2,"No",856,386,842,1020
"266",266,"Capital city",2,1,3,"No",1327,578,1314,1569
"267",267,"Capital city",1,0,1,"No",1439,534,1339,1380
"268",268,"Regional",2,0,2,"No",1594,579,1500,1710
"269",269,"Capital city",2,3,5,"No",2076,775,2001,2179
"270",270,"Capital city",3,0,3,"Yes",1260,237,1172,1023
"271",271,"Capital city",4,0,4,"No",795,366,774,862
"272",272,"Capital city",1,1,2,"Yes",2312,897,2192,2383
"273",273,"Regional",1,2,3,"No",1576,470,1553,1535
"274",274,"Capital city",2,3,5,"No",3053,1291,3066,3295
"275",275,"Capital city",2,0,2,"No",2796,901,2656,2431
"276",276,"Capital city",2,0,2,"Yes",906,455,912,1226
"277",277,"Capital city",1,0,1,"No",1749,728,1634,1717
"278",278,"Capital city",2,1,3,"No",1310,543,1252,1314
"279",279,"Capital city",1,0,1,"No",1526,638,1490,1526
"280",280,"Capital city",1,1,2,"Yes",1654,478,1654,1505
"281",281,"Capital city",2,2,4,"Yes",934,367,900,911
"282",282,"Capital city",2,4,6,"No",3150,1119,3197,3226
"283",283,"Capital city",2,2,4,"No",1355,658,1335,1407
"284",284,"Regional",2,0,2,"No",1955,594,1808,1992
"285",285,"Regional",1,0,1,"No",689,414,658,648
"286",286,"Capital city",2,3,5,"No",1599,690,1573,1749
"287",287,"Capital city",2,2,4,"No",3227,1132,3032,3163
"288",288,"Capital city",3,0,3,"No",1941,622,1857,1686
"289",289,"Capital city",2,0,2,"No",1242,464,1230,996
"290",290,"Capital city",1,0,1,"Yes",1132,516,1045,937
"291",291,"Regional",2,1,3,"No",2164,559,2030,1874
"292",292,"Capital city",3,0,3,"Yes",2302,886,2338,2437
"293",293,"Regional",4,0,4,"No",1785,566,1773,1767
"294",294,"Capital city",1,1,2,"Yes",1420,673,1417,1316
"295",295,"Regional",2,3,5,"No",665,154,669,632
"296",296,"Capital city",1,0,1,"No",2849,958,2720,2774
"297",297,"Regional",2,1,3,"No",1038,541,1053,1148
"298",298,"Capital city",2,0,2,"No",1779,659,1762,1895
"299",299,"Capital city",2,3,5,"No",1352,634,1324,1344
"300",300,"Regional",2,1,3,"Yes",830,313,772,765
"301",301,"Capital city",2,0,2,"No",2291,927,2292,2368
"302",302,"Capital city",2,0,2,"No",1511,734,1512,1334
"303",303,"Capital city",2,4,6,"No",1725,449,1722,1872
"304",304,"Capital city",3,2,5,"No",1526,517,1522,1985
"305",305,"Capital city",2,1,3,"No",2419,1018,2327,2310
"306",306,"Regional",2,1,3,"Yes",757,406,753,597
"307",307,"Regional",1,1,2,"Yes",537,246,531,668
"308",308,"Capital city",2,0,2,"Yes",1246,529,1194,1166
"309",309,"Regional",1,0,1,"No",748,238,745,725
"310",310,"Capital city",2,0,2,"No",1480,594,1498,1451
"311",311,"Regional",1,3,4,"No",783,210,732,930
"312",312,"Capital city",2,0,2,"No",2152,930,2020,1892
"313",313,"Capital city",1,1,2,"No",986,482,977,727
"314",314,"Regional",1,0,1,"No",1710,489,1714,1743
"315",315,"Capital city",2,4,6,"No",1581,627,1529,1565
"316",316,"Regional",2,3,5,"No",4314,1196,4329,4190
"317",317,"Capital city",3,0,3,"No",2821,1100,2837,2974
"318",318,"Regional",2,1,3,"No",1285,395,1287,1164
"319",319,"Capital city",2,2,4,"Yes",1712,658,1695,1707
"320",320,"Regional",2,0,2,"No",1998,665,2018,2246
"321",321,"Regional",1,1,2,"Yes",1245,160,1159,1323
"322",322,"Capital city",2,2,4,"No",1921,567,1810,1796
"323",323,"Regional",3,2,5,"No",2077,640,2093,2153
"324",324,"Capital city",3,1,4,"No",1931,744,1929,1779
"325",325,"Capital city",1,0,1,"Yes",1871,752,1875,1924
"326",326,"Capital city",2,0,2,"No",1031,352,1050,1260
"327",327,"Regional",2,0,2,"No",1461,470,1431,1836
"328",328,"Capital city",2,2,4,"No",2587,876,2426,2361
"329",329,"Capital city",3,2,5,"No",2109,660,2140,2305
"330",330,"Capital city",3,2,5,"No",2167,672,2056,1755
"331",331,"Capital city",2,0,2,"No",1326,532,1255,1018
"332",332,"Regional",3,2,5,"No",1201,334,1144,1220
"333",333,"Capital city",4,0,4,"Yes",2169,642,2184,2200
"334",334,"Capital city",2,1,3,"Yes",1634,615,1520,1683
"335",335,"Capital city",2,0,2,"No",937,301,865,966
"336",336,"Capital city",2,2,4,"Yes",1389,482,1326,1222
"337",337,"Capital city",3,0,3,"No",1200,477,1186,1306
"338",338,"Capital city",2,0,2,"Yes",1061,185,1051,1468
"339",339,"Capital city",2,3,5,"Yes",1265,460,1185,1209
"340",340,"Capital city",2,0,2,"Yes",1173,421,1194,1076
"341",341,"Regional",2,2,4,"No",1549,501,1458,1517
"342",342,"Capital city",2,2,4,"No",2082,886,2065,2389
"343",343,"Regional",2,2,4,"No",1230,514,1195,1109
"344",344,"Regional",2,0,2,"No",1749,612,1762,1803
"345",345,"Capital city",2,0,2,"Yes",1707,787,1727,1858
"346",346,"Capital city",2,0,2,"No",1489,620,1406,1211
"347",347,"Capital city",4,1,5,"No",2169,666,2169,2213
"348",348,"Regional",2,0,2,"No",996,391,981,1068
"349",349,"Regional",1,0,1,"Yes",953,326,893,1146
"350",350,"Regional",3,2,5,"No",958,471,944,1164
"351",351,"Capital city",2,0,2,"No",2238,876,2275,2305
"352",352,"Regional",1,2,3,"Yes",817,298,768,947
"353",353,"Regional",2,2,4,"No",1247,374,1209,1239
"354",354,"Capital city",2,1,3,"No",828,264,792,881
"355",355,"Capital city",2,1,3,"No",1665,475,1667,1559
"356",356,"Capital city",3,3,6,"No",2116,707,2067,2138
"357",357,"Regional",2,1,3,"No",1777,572,1772,1740
"358",358,"Capital city",4,1,5,"No",1376,559,1357,1295
"359",359,"Regional",2,0,2,"No",1933,706,1881,2052
"360",360,"Capital city",3,2,5,"No",2064,763,1993,2107
"361",361,"Capital city",2,3,5,"No",1978,608,1898,2116
"362",362,"Regional",2,1,3,"No",1791,568,1675,1523
"363",363,"Regional",2,0,2,"Yes",1485,464,1452,1188
"364",364,"Capital city",2,4,6,"No",2901,1037,2952,2850
"365",365,"Regional",2,0,2,"No",1424,465,1347,1324
"366",366,"Capital city",2,0,2,"Yes",1299,528,1286,1367
"367",367,"Capital city",3,1,4,"Yes",1075,330,1030,834
"368",368,"Capital city",4,0,4,"Yes",1264,396,1247,1381
"369",369,"Capital city",2,0,2,"No",2855,1073,2838,3026
"370",370,"Regional",2,1,3,"No",966,397,940,796
"371",371,"Capital city",2,2,4,"No",2117,869,1996,1953
"372",372,"Capital city",3,0,3,"Yes",1832,731,1751,1715
"373",373,"Regional",2,0,2,"No",1360,524,1330,1556
"374",374,"Capital city",2,2,4,"No",2516,807,2537,2565
"375",375,"Regional",2,1,3,"No",3003,1017,2865,2974
"376",376,"Capital city",1,1,2,"Yes",1429,401,1359,1244
"377",377,"Capital city",2,3,5,"No",3812,1399,3860,3962
"378",378,"Capital city",2,0,2,"No",1860,712,1858,1793
"379",379,"Capital city",1,1,2,"No",2054,782,1931,1978
"380",380,"Capital city",3,0,3,"No",946,120,915,691
"381",381,"Capital city",2,2,4,"No",2983,1016,2807,3110
"382",382,"Regional",3,0,3,"Yes",580,160,574,698
"383",383,"Regional",3,3,6,"No",1202,475,1129,1243
"384",384,"Capital city",3,1,4,"No",1025,397,974,1186
"385",385,"Capital city",2,1,3,"Yes",1218,493,1165,1326
"386",386,"Capital city",2,0,2,"No",1825,813,1704,1703
"387",387,"Capital city",2,1,3,"No",2403,850,2301,2341
"388",388,"Capital city",3,2,5,"Yes",1796,795,1690,1865
"389",389,"Capital city",2,1,3,"No",1363,536,1334,1315
"390",390,"Regional",2,2,4,"Yes",2412,619,2230,2204
"391",391,"Regional",1,1,2,"No",584,311,586,933
"392",392,"Regional",2,0,2,"Yes",770,464,726,487
"393",393,"Regional",2,2,4,"No",1753,584,1708,1913
"394",394,"Capital city",2,2,4,"Yes",874,598,863,945
"395",395,"Capital city",1,0,1,"Yes",1194,504,1106,1213
"396",396,"Capital city",2,2,4,"No",2749,1072,2618,2579
"397",397,"Regional",2,0,2,"No",2192,739,2025,2169
"398",398,"Regional",1,1,2,"Yes",810,163,805,1111
"399",399,"Regional",2,1,3,"No",1163,451,1154,1368
"400",400,"Regional",2,0,2,"Yes",857,289,813,1054
"401",401,"Regional",3,0,3,"No",1427,482,1441,1483
"402",402,"Capital city",2,0,2,"No",1664,690,1571,1775
"403",403,"Regional",3,0,3,"No",1282,447,1301,1441
"404",404,"Capital city",2,2,4,"No",2256,898,2258,1968
"405",405,"Capital city",2,0,2,"No",2194,1012,2155,2305
"406",406,"Regional",2,1,3,"Yes",724,172,682,929
"407",407,"Regional",1,1,2,"No",1745,690,1743,1741
"408",408,"Regional",3,1,4,"No",1858,485,1860,1895
"409",409,"Regional",2,2,4,"No",2064,553,1930,1769
"410",410,"Capital city",2,3,5,"No",3679,1362,3462,3324
"411",411,"Capital city",2,1,3,"No",1668,752,1620,1560
"412",412,"Capital city",2,1,3,"No",1647,589,1527,1346
"413",413,"Capital city",2,0,2,"No",948,196,963,1086
"414",414,"Regional",1,0,1,"No",1155,223,1101,936
"415",415,"Regional",1,2,3,"No",1139,447,1129,1329
"416",416,"Regional",2,2,4,"No",2488,787,2404,2289
"417",417,"Capital city",4,2,6,"Yes",2235,808,2263,2348
"418",418,"Capital city",2,0,2,"Yes",1822,578,1851,2084
"419",419,"Regional",2,4,6,"Yes",956,335,937,1020
"420",420,"Capital city",2,0,2,"Yes",1584,607,1606,1854
"421",421,"Regional",2,3,5,"No",2016,722,1871,2022
"422",422,"Regional",2,0,2,"Yes",1153,365,1150,1282
"423",423,"Capital city",1,3,4,"No",1901,699,1853,1713
"424",424,"Capital city",2,1,3,"Yes",830,428,840,960
"425",425,"Regional",2,0,2,"No",1442,414,1439,1591
"426",426,"Capital city",2,1,3,"No",1685,852,1565,1635
"427",427,"Regional",3,1,4,"No",1121,267,1074,1165
"428",428,"Regional",1,1,2,"No",1440,517,1459,1393
"429",429,"Capital city",2,1,3,"No",2633,987,2610,2514
"430",430,"Capital city",2,0,2,"Yes",1663,884,1578,1710
"431",431,"Capital city",1,0,1,"No",935,343,861,997
"432",432,"Capital city",2,3,5,"Yes",2174,992,2013,2095
"433",433,"Capital city",2,1,3,"No",1057,332,1011,1348
"434",434,"Capital city",2,2,4,"Yes",1457,609,1411,1474
"435",435,"Capital city",2,0,2,"No",1636,704,1607,1719
"436",436,"Capital city",2,3,5,"No",3555,1267,3444,3593
"437",437,"Capital city",2,3,5,"No",1179,549,1137,1186
"438",438,"Capital city",2,4,6,"No",1479,566,1384,1506
"439",439,"Regional",2,0,2,"Yes",1492,556,1378,1577
"440",440,"Capital city",1,3,4,"No",1063,428,1061,1166
"441",441,"Capital city",1,0,1,"No",982,358,987,873
"442",442,"Capital city",2,2,4,"Yes",1420,565,1341,1226
"443",443,"Regional",4,2,6,"Yes",1313,428,1222,1120
"444",444,"Capital city",1,1,2,"No",1317,448,1337,1169
"445",445,"Regional",4,0,4,"No",1467,367,1476,1424
"446",446,"Capital city",2,1,3,"Yes",2670,832,2677,2662
"447",447,"Capital city",2,0,2,"No",1646,614,1559,1573
"448",448,"Regional",2,1,3,"No",983,136,941,1105
"449",449,"Regional",1,3,4,"No",1309,373,1236,1490
"450",450,"Regional",1,3,4,"No",2531,784,2434,2720
"451",451,"Regional",2,0,2,"No",841,323,855,860
"452",452,"Capital city",3,0,3,"No",1886,621,1778,1641
"453",453,"Capital city",2,0,2,"No",3016,945,2905,2825
"454",454,"Capital city",2,0,2,"No",2258,815,2158,2214
"455",455,"Regional",2,2,4,"No",1665,616,1671,1636
"456",456,"Capital city",1,0,1,"No",1673,525,1632,1370
"457",457,"Capital city",2,3,5,"No",1289,489,1303,1060
"458",458,"Capital city",4,2,6,"No",2565,1067,2612,2544
"459",459,"Capital city",2,0,2,"No",1868,636,1754,1775
"460",460,"Regional",2,3,5,"Yes",1795,624,1734,1776
"461",461,"Regional",2,0,2,"Yes",1907,432,1758,1367
"462",462,"Capital city",2,2,4,"No",1148,575,1127,1245
"463",463,"Capital city",1,2,3,"No",2146,825,2150,2240
"464",464,"Capital city",2,2,4,"No",1021,516,940,759
"465",465,"Regional",2,2,4,"No",1266,396,1195,1299
"466",466,"Regional",2,0,2,"Yes",1269,538,1200,1201
"467",467,"Regional",1,1,2,"No",1588,525,1535,1401
"468",468,"Capital city",2,1,3,"No",1231,476,1236,1183
"469",469,"Capital city",2,0,2,"No",2412,955,2315,2286
"470",470,"Capital city",1,2,3,"Yes",1242,572,1254,1199
"471",471,"Capital city",1,1,2,"Yes",1487,552,1492,1569
"472",472,"Regional",2,3,5,"No",1039,459,1038,937
"473",473,"Regional",2,0,2,"No",1525,500,1463,1718
"474",474,"Capital city",1,0,1,"No",1417,652,1361,1309
"475",475,"Regional",2,0,2,"No",810,289,747,899
"476",476,"Capital city",2,3,5,"No",1552,589,1495,1527
"477",477,"Capital city",2,0,2,"No",1064,581,1058,1074
"478",478,"Regional",1,3,4,"No",1469,422,1429,1586
"479",479,"Capital city",2,1,3,"No",1842,745,1820,1746
"480",480,"Regional",1,4,5,"No",1391,480,1328,1199
"481",481,"Capital city",1,0,1,"No",2498,965,2304,2464
"482",482,"Capital city",2,1,3,"Yes",1755,554,1727,1889
"483",483,"Regional",2,3,5,"No",1931,806,1817,2294
"484",484,"Regional",2,0,2,"No",1775,513,1653,1712
"485",485,"Regional",2,0,2,"Yes",1747,526,1755,1928
"486",486,"Capital city",2,0,2,"No",1455,522,1447,1454
"487",487,"Regional",2,0,2,"No",1346,369,1373,1463
"488",488,"Capital city",2,2,4,"No",1736,638,1653,1747
"489",489,"Capital city",1,2,3,"Yes",922,189,940,1076
"490",490,"Capital city",2,1,3,"No",1526,684,1441,1521
"491",491,"Regional",2,0,2,"No",2610,798,2581,2409
"492",492,"Capital city",2,2,4,"Yes",1515,688,1417,1765
"493",493,"Capital city",1,0,1,"Yes",1193,459,1132,1121
"494",494,"Capital city",2,3,5,"No",1235,512,1218,1196
"495",495,"Capital city",2,0,2,"Yes",930,354,926,849
"496",496,"Capital city",2,2,4,"Yes",845,426,791,1043
"497",497,"Capital city",3,2,5,"No",1926,744,1949,1882
"498",498,"Capital city",1,1,2,"Yes",1742,679,1606,1684
"499",499,"Regional",1,3,4,"No",1318,438,1233,1219
"500",500,"Regional",4,0,4,"Yes",965,178,921,787
"501",501,"Regional",1,1,2,"No",1791,499,1766,1826
"502",502,"Capital city",2,4,6,"No",1012,206,970,1087
"503",503,"Capital city",2,0,2,"No",1662,406,1667,1662
"504",504,"Regional",2,3,5,"No",1156,408,1157,1079
"505",505,"Regional",2,2,4,"No",1441,466,1458,1817
"506",506,"Regional",1,1,2,"No",1594,513,1565,1652
"507",507,"Regional",2,0,2,"No",1474,542,1499,1767
"508",508,"Capital city",3,0,3,"Yes",2659,966,2692,2934
"509",509,"Capital city",2,0,2,"No",1692,638,1647,1538
"510",510,"Capital city",2,0,2,"Yes",1324,560,1314,1183
"511",511,"Regional",2,3,5,"No",1575,429,1507,1248
"512",512,"Capital city",1,1,2,"No",1466,717,1403,1323
"513",513,"Regional",2,1,3,"Yes",2615,693,2649,2881
"514",514,"Regional",1,0,1,"No",1224,287,1239,1395
"515",515,"Capital city",2,0,2,"Yes",1574,627,1487,1353
"516",516,"Capital city",1,0,1,"No",1554,425,1450,1548
"517",517,"Capital city",2,0,2,"No",1335,423,1340,1284
"518",518,"Regional",2,2,4,"Yes",2120,743,2140,2130
"519",519,"Capital city",2,4,6,"No",2669,1006,2557,2723
"520",520,"Regional",2,3,5,"No",645,152,636,806
"521",521,"Regional",3,2,5,"No",1779,413,1702,2122
"522",522,"Capital city",4,0,4,"Yes",1794,754,1737,1875
"523",523,"Capital city",2,3,5,"No",2377,967,2230,2484
"524",524,"Capital city",2,0,2,"Yes",1505,542,1424,1738
"525",525,"Capital city",2,4,6,"No",1404,597,1314,1233
"526",526,"Regional",3,3,6,"No",2061,649,1930,1876
"527",527,"Capital city",1,0,1,"No",1335,537,1302,1300
"528",528,"Capital city",2,2,4,"Yes",1041,376,988,1016
"529",529,"Capital city",2,2,4,"Yes",1551,459,1509,1388
"530",530,"Capital city",2,0,2,"Yes",2278,822,2105,2052
"531",531,"Capital city",2,2,4,"No",1953,670,1811,1494
"532",532,"Regional",2,1,3,"No",889,279,904,825
"533",533,"Capital city",2,2,4,"No",1462,627,1355,1506
"534",534,"Regional",2,4,6,"No",1659,483,1668,1803
"535",535,"Capital city",2,1,3,"No",1364,666,1259,1589
"536",536,"Capital city",1,3,4,"No",3299,1104,3047,3103
"537",537,"Capital city",1,0,1,"No",1628,596,1625,1791
"538",538,"Capital city",3,1,4,"No",1702,684,1724,1670
"539",539,"Capital city",2,2,4,"No",1517,568,1487,1766
"540",540,"Capital city",2,2,4,"Yes",1772,630,1643,2004
"541",541,"Capital city",1,0,1,"No",2745,966,2578,2599
"542",542,"Capital city",2,4,6,"No",1663,714,1562,1744
"543",543,"Capital city",3,0,3,"Yes",2141,851,2026,2009
"544",544,"Capital city",1,0,1,"No",1456,720,1380,1120
"545",545,"Regional",1,2,3,"No",1504,543,1487,1669
"546",546,"Capital city",2,0,2,"No",1435,617,1409,1360
"547",547,"Capital city",2,1,3,"No",1125,475,1055,1019
"548",548,"Regional",3,3,6,"No",869,120,805,810
"549",549,"Capital city",3,1,4,"No",3122,1239,3088,2985
"550",550,"Capital city",2,0,2,"Yes",1798,600,1703,1976
"551",551,"Capital city",4,0,4,"Yes",856,349,820,1001
"552",552,"Capital city",1,0,1,"No",1089,522,1046,1087
"553",553,"Capital city",1,1,2,"No",1099,459,1029,751
"554",554,"Capital city",2,0,2,"No",1158,504,1153,1063
"555",555,"Capital city",1,2,3,"Yes",1104,507,1022,980
"556",556,"Regional",2,0,2,"No",1101,200,1062,1102
"557",557,"Regional",2,3,5,"Yes",1488,523,1458,1525
"558",558,"Capital city",1,0,1,"No",1182,571,1139,1146
"559",559,"Capital city",1,2,3,"No",1348,503,1333,1282
"560",560,"Capital city",2,3,5,"No",1432,452,1420,1417
"561",561,"Regional",2,0,2,"No",1818,652,1731,1653
"562",562,"Capital city",2,0,2,"No",1151,668,1169,1176
"563",563,"Regional",2,3,5,"Yes",1093,483,1066,1104
"564",564,"Capital city",2,2,4,"No",3277,1082,3270,3278
"565",565,"Capital city",2,1,3,"Yes",1318,491,1275,1230
"566",566,"Capital city",2,2,4,"No",3318,1210,3341,3154
"567",567,"Capital city",3,0,3,"Yes",1421,574,1352,1347
"568",568,"Capital city",2,0,2,"No",2679,910,2594,2558
"569",569,"Regional",2,0,2,"Yes",1215,295,1200,1187
"570",570,"Capital city",4,0,4,"No",1148,541,1077,1242
"571",571,"Capital city",2,2,4,"No",1224,429,1152,1155
"572",572,"Regional",3,1,4,"No",1315,382,1230,1397
"573",573,"Capital city",2,0,2,"No",3028,981,3060,3239
"574",574,"Capital city",2,0,2,"Yes",1358,704,1306,1214
"575",575,"Regional",4,2,6,"No",1412,310,1364,1477
"576",576,"Regional",2,0,2,"No",841,208,825,1252
"577",577,"Capital city",2,1,3,"No",1395,537,1364,1794
"578",578,"Regional",2,2,4,"No",1218,395,1156,1286
"579",579,"Capital city",3,0,3,"Yes",2412,995,2427,2426
"580",580,"Regional",2,0,2,"No",990,428,990,797
"581",581,"Capital city",2,0,2,"Yes",1210,369,1218,1515
"582",582,"Regional",2,0,2,"No",1143,546,1111,1116
"583",583,"Capital city",2,0,2,"No",2724,1056,2747,2680
"584",584,"Regional",2,0,2,"No",847,449,801,951
"585",585,"Capital city",4,1,5,"No",3102,1198,3079,3053
"586",586,"Regional",1,1,2,"No",1746,540,1616,1671
"587",587,"Regional",1,0,1,"Yes",1414,469,1422,1501
"588",588,"Regional",2,0,2,"No",1228,394,1134,1063
"589",589,"Capital city",3,3,6,"No",1878,614,1910,2087
"590",590,"Capital city",1,3,4,"No",1849,717,1754,1951
"591",591,"Capital city",2,1,3,"No",2837,872,2670,2870
"592",592,"Capital city",3,1,4,"No",2387,944,2332,2258
"593",593,"Capital city",2,1,3,"No",776,308,783,1058
"594",594,"Capital city",2,0,2,"No",2139,819,1998,1947
"595",595,"Capital city",1,2,3,"No",688,267,656,1099
"596",596,"Capital city",3,3,6,"No",3035,1093,2988,3108
"597",597,"Capital city",1,2,3,"No",2279,805,2283,2452
"598",598,"Capital city",2,0,2,"No",1936,826,1878,1871
"599",599,"Regional",2,0,2,"Yes",1715,559,1726,1802
"600",600,"Capital city",2,0,2,"No",1781,766,1763,1928
"601",601,"Regional",2,0,2,"No",1621,548,1509,1671
"602",602,"Capital city",1,2,3,"Yes",3213,1064,3021,3130
"603",603,"Regional",2,1,3,"No",923,319,892,1049
"604",604,"Capital city",1,2,3,"Yes",1645,616,1525,1771
"605",605,"Regional",4,2,6,"No",1199,564,1125,1320
"606",606,"Capital city",1,2,3,"Yes",1752,666,1624,1664
"607",607,"Capital city",2,0,2,"Yes",1213,309,1116,1444
"608",608,"Regional",2,2,4,"No",1720,602,1689,1732
"609",609,"Capital city",2,1,3,"Yes",1205,416,1210,1163
"610",610,"Capital city",2,1,3,"No",3178,1060,3000,3065
"611",611,"Capital city",2,1,3,"No",3725,1353,3744,3657
"612",612,"Regional",1,0,1,"No",1379,658,1355,1451
"613",613,"Regional",3,4,7,"No",2874,905,2879,3044
"614",614,"Capital city",3,0,3,"No",1443,725,1382,1300
"615",615,"Regional",2,4,6,"No",2049,702,1983,1918
"616",616,"Regional",2,0,2,"No",684,302,695,838
"617",617,"Capital city",2,0,2,"No",2622,930,2475,2442
"618",618,"Capital city",2,0,2,"No",1214,525,1171,1484
"619",619,"Regional",1,1,2,"No",1197,578,1145,1270
"620",620,"Capital city",3,2,5,"No",1404,628,1310,1358
"621",621,"Regional",1,0,1,"Yes",1073,286,1091,1199
"622",622,"Capital city",1,0,1,"No",1199,441,1140,809
"623",623,"Regional",4,0,4,"No",1516,445,1488,1606
"624",624,"Regional",2,0,2,"Yes",1084,378,1033,1274
"625",625,"Capital city",2,2,4,"No",2836,952,2751,2845
"626",626,"Regional",3,0,3,"No",1903,547,1778,1732
"627",627,"Capital city",2,2,4,"Yes",2161,850,1990,2013
"628",628,"Capital city",3,0,3,"Yes",1087,313,1083,1165
"629",629,"Regional",3,2,5,"No",1095,439,1097,1404
"630",630,"Regional",2,0,2,"No",1231,342,1182,1367
"631",631,"Regional",2,0,2,"No",1209,402,1232,1122
"632",632,"Regional",3,0,3,"Yes",1347,333,1310,1068
"633",633,"Capital city",3,0,3,"Yes",1185,589,1157,1360
"634",634,"Regional",2,2,4,"No",2094,407,2133,2072
"635",635,"Regional",4,0,4,"No",2200,658,2086,2214
"636",636,"Capital city",2,2,4,"No",1671,605,1547,1353
"637",637,"Regional",3,0,3,"No",1671,430,1679,1687
"638",638,"Capital city",2,1,3,"No",1875,745,1793,1828
"639",639,"Regional",2,0,2,"No",1243,435,1217,1000
"640",640,"Capital city",2,0,2,"No",1359,389,1276,1030
"641",641,"Regional",2,0,2,"Yes",1727,555,1668,1542
"642",642,"Regional",2,4,6,"No",1706,549,1655,1688
"643",643,"Capital city",2,1,3,"No",1558,718,1571,1643
"644",644,"Regional",2,0,2,"No",1896,396,1768,2079
"645",645,"Regional",2,1,3,"Yes",2644,914,2535,2492
"646",646,"Regional",2,0,2,"Yes",806,296,747,475
"647",647,"Capital city",1,0,1,"No",1610,662,1595,1517
"648",648,"Capital city",3,0,3,"No",2481,897,2365,2605
"649",649,"Regional",2,3,5,"Yes",2122,687,2011,2229
"650",650,"Capital city",1,0,1,"No",1440,496,1327,1612
"651",651,"Regional",1,2,3,"No",1543,424,1521,1497
"652",652,"Regional",1,0,1,"No",875,271,818,597
"653",653,"Capital city",1,2,3,"No",2118,700,2102,1970
"654",654,"Regional",2,1,3,"No",989,268,983,1037
"655",655,"Regional",1,4,5,"No",1947,502,1978,1927
"656",656,"Capital city",2,0,2,"No",1166,404,1074,1224
"657",657,"Capital city",4,1,5,"Yes",1691,548,1606,1824
"658",658,"Capital city",2,1,3,"Yes",1029,465,1003,847
"659",659,"Capital city",2,1,3,"No",2313,1050,2223,2377
"660",660,"Capital city",1,3,4,"Yes",2802,1039,2857,2732
"661",661,"Regional",2,0,2,"Yes",1201,352,1208,1384
"662",662,"Capital city",2,1,3,"No",2179,917,2212,2337
"663",663,"Capital city",1,1,2,"No",1538,565,1440,1328
"664",664,"Regional",2,0,2,"No",1773,649,1808,1786
"665",665,"Capital city",1,0,1,"No",1238,627,1216,1216
"666",666,"Regional",2,0,2,"Yes",1624,478,1547,1687
"667",667,"Regional",2,0,2,"No",464,120,434,732
"668",668,"Capital city",2,0,2,"No",1195,572,1203,1281
"669",669,"Capital city",2,1,3,"Yes",2107,846,2027,2075
"670",670,"Regional",2,0,2,"Yes",1232,289,1188,1177
"671",671,"Capital city",2,0,2,"No",1217,451,1140,1269
"672",672,"Capital city",1,0,1,"Yes",936,316,903,1200
"673",673,"Capital city",3,0,3,"No",2737,1140,2519,2520
"674",674,"Capital city",3,2,5,"Yes",920,345,875,471
"675",675,"Capital city",2,4,6,"Yes",1129,349,1048,1013
"676",676,"Capital city",2,0,2,"No",1439,549,1443,1615
"677",677,"Regional",2,3,5,"No",835,374,844,1000
"678",678,"Capital city",1,0,1,"No",945,419,872,941
"679",679,"Regional",4,2,6,"No",1219,429,1146,1382
"680",680,"Regional",2,0,2,"No",1267,313,1182,1358
"681",681,"Regional",2,0,2,"Yes",1391,503,1361,1319
"682",682,"Capital city",1,1,2,"No",1742,657,1614,1739
"683",683,"Regional",2,0,2,"No",1101,214,1102,1172
"684",684,"Regional",1,0,1,"Yes",1393,405,1420,1422
"685",685,"Capital city",2,0,2,"No",1202,351,1181,917
"686",686,"Capital city",4,1,5,"No",1818,763,1689,1700
"687",687,"Regional",2,1,3,"No",1101,527,1106,1416
"688",688,"Capital city",1,0,1,"No",2390,903,2373,2597
"689",689,"Capital city",3,4,7,"No",1723,568,1633,1855
"690",690,"Capital city",3,3,6,"No",1481,672,1442,1553
"691",691,"Capital city",2,1,3,"No",1889,663,1792,1819
"692",692,"Capital city",1,1,2,"Yes",1751,795,1668,1457
"693",693,"Regional",2,0,2,"No",812,342,815,1229
"694",694,"Capital city",4,1,5,"No",2250,690,2217,2347
"695",695,"Capital city",1,0,1,"Yes",1151,461,1067,1357
"696",696,"Capital city",2,2,4,"No",1964,654,1827,1724
"697",697,"Capital city",2,2,4,"Yes",1357,606,1364,1457
"698",698,"Capital city",1,0,1,"Yes",839,499,821,931
"699",699,"Capital city",2,2,4,"No",1601,638,1601,1868
"700",700,"Capital city",2,3,5,"No",1294,503,1194,1265
"701",701,"Capital city",2,2,4,"No",1461,567,1437,1817
"702",702,"Regional",2,0,2,"No",2375,616,2250,2328
"703",703,"Capital city",2,0,2,"No",1726,721,1649,2031
"704",704,"Regional",2,2,4,"No",861,390,813,1100
"705",705,"Regional",2,0,2,"No",2524,788,2471,2624
"706",706,"Capital city",2,3,5,"Yes",937,362,867,737
"707",707,"Capital city",3,1,4,"Yes",1098,488,1055,670
"708",708,"Regional",3,0,3,"Yes",2034,671,1894,1870
"709",709,"Regional",1,0,1,"No",1679,707,1562,1628
"710",710,"Capital city",2,1,3,"No",2077,715,1973,1918
"711",711,"Capital city",2,0,2,"Yes",1151,499,1155,1062
"712",712,"Capital city",3,3,6,"Yes",2476,835,2492,2308
"713",713,"Capital city",1,4,5,"No",1971,804,1951,1877
"714",714,"Capital city",2,4,6,"Yes",1921,766,1830,2007
"715",715,"Regional",2,0,2,"No",1019,316,966,1144
"716",716,"Capital city",1,0,1,"No",1407,521,1405,1343
"717",717,"Regional",3,0,3,"No",2375,545,2185,2135
"718",718,"Capital city",3,0,3,"No",2286,940,2124,2536
"719",719,"Regional",1,1,2,"No",1339,448,1348,1221
"720",720,"Capital city",1,0,1,"Yes",1279,534,1282,1300
"721",721,"Regional",2,2,4,"No",1541,378,1501,1685
"722",722,"Regional",2,0,2,"No",1747,588,1775,1678
"723",723,"Capital city",2,4,6,"No",2133,649,2145,2320
"724",724,"Regional",3,1,4,"No",2082,615,2031,2082
"725",725,"Regional",2,0,2,"No",2408,794,2351,2205
"726",726,"Regional",3,2,5,"No",1214,434,1148,1128
"727",727,"Capital city",1,0,1,"No",2474,791,2372,2236
"728",728,"Capital city",3,4,7,"No",1563,567,1559,1459
"729",729,"Capital city",2,2,4,"No",883,419,852,893
"730",730,"Regional",2,4,6,"No",1802,650,1748,1713
"731",731,"Capital city",2,1,3,"No",2208,698,2094,2319
"732",732,"Capital city",2,2,4,"No",941,541,881,1209
"733",733,"Capital city",2,0,2,"Yes",1212,449,1138,1214
"734",734,"Regional",2,3,5,"Yes",1520,500,1518,1326
"735",735,"Capital city",2,3,5,"No",1140,360,1162,1191
"736",736,"Capital city",1,1,2,"No",1678,625,1574,1409
"737",737,"Capital city",2,1,3,"No",1055,482,1040,1338
"738",738,"Capital city",1,0,1,"No",1714,692,1666,1779
"739",739,"Regional",1,2,3,"No",1036,302,996,962
"740",740,"Capital city",2,0,2,"No",1419,527,1429,1276
"741",741,"Capital city",2,1,3,"No",1236,510,1157,1349
"742",742,"Regional",2,2,4,"Yes",771,326,742,883
"743",743,"Regional",1,2,3,"No",804,324,749,867
"744",744,"Regional",4,1,5,"No",1752,654,1697,1938
"745",745,"Regional",1,2,3,"No",1165,283,1094,1276
"746",746,"Capital city",1,3,4,"No",2655,932,2459,2486
"747",747,"Regional",3,2,5,"Yes",2445,691,2330,2247
"748",748,"Capital city",2,2,4,"Yes",2647,1114,2602,2967
"749",749,"Regional",2,3,5,"Yes",2005,564,2003,2220
"750",750,"Capital city",2,1,3,"No",1375,641,1291,1159
"751",751,"Capital city",1,0,1,"Yes",1882,750,1899,1788
"752",752,"Capital city",2,0,2,"No",1567,658,1446,1461
"753",753,"Capital city",1,0,1,"No",1753,708,1632,1620
"754",754,"Capital city",1,0,1,"No",2091,742,2087,2346
"755",755,"Regional",3,3,6,"No",2840,856,2708,2899
"756",756,"Capital city",2,0,2,"No",1640,754,1669,1505
"757",757,"Capital city",3,1,4,"Yes",2035,787,1951,1881
"758",758,"Regional",1,2,3,"No",1332,428,1296,1083
"759",759,"Regional",2,0,2,"No",863,363,800,703
"760",760,"Regional",2,1,3,"Yes",945,314,911,997
"761",761,"Capital city",2,2,4,"No",1373,515,1387,1253
"762",762,"Capital city",3,0,3,"No",2023,610,1975,1955
"763",763,"Regional",2,1,3,"Yes",1145,377,1127,829
"764",764,"Capital city",1,0,1,"No",2854,977,2887,3052
"765",765,"Regional",2,2,4,"No",788,195,792,878
"766",766,"Regional",2,4,6,"Yes",2160,689,2115,2343
"767",767,"Capital city",2,0,2,"Yes",1450,589,1406,1520
"768",768,"Capital city",3,2,5,"No",1637,700,1534,1502
"769",769,"Capital city",1,0,1,"No",2480,1006,2290,2572
"770",770,"Capital city",2,4,6,"No",4501,1588,4436,4505
"771",771,"Regional",4,1,5,"No",1422,395,1430,1614
"772",772,"Capital city",1,0,1,"No",2614,901,2622,2538
"773",773,"Capital city",2,0,2,"No",1890,846,1740,1622
"774",774,"Capital city",3,1,4,"No",1550,544,1434,1154
"775",775,"Regional",3,4,7,"No",2014,705,1918,2393
"776",776,"Regional",2,3,5,"Yes",1271,324,1210,1296
"777",777,"Capital city",1,1,2,"No",1637,619,1616,2030
"778",778,"Capital city",1,1,2,"No",1613,521,1640,1816
"779",779,"Capital city",4,4,8,"No",2376,867,2302,2023
"780",780,"Regional",2,2,4,"Yes",2029,691,1975,2054
"781",781,"Regional",2,1,3,"No",1496,517,1494,1626
"782",782,"Capital city",2,0,2,"No",2262,756,2139,2334
"783",783,"Capital city",2,3,5,"Yes",1835,704,1853,1843
"784",784,"Capital city",2,2,4,"No",1361,541,1360,1182
"785",785,"Capital city",1,1,2,"No",2102,860,2063,2063
"786",786,"Regional",1,0,1,"No",850,391,822,826
"787",787,"Regional",3,2,5,"Yes",1669,759,1633,1622
"788",788,"Regional",2,1,3,"Yes",898,170,836,1298
"789",789,"Capital city",2,1,3,"No",1399,488,1410,1327
"790",790,"Capital city",2,3,5,"No",850,434,793,912
"791",791,"Capital city",1,0,1,"No",1853,742,1741,1885
"792",792,"Capital city",2,4,6,"No",1807,675,1809,1914
"793",793,"Capital city",2,3,5,"No",3058,1142,3027,3255
"794",794,"Regional",2,1,3,"No",1076,284,1043,1437
"795",795,"Capital city",2,1,3,"No",1630,587,1615,1915
"796",796,"Regional",2,4,6,"Yes",971,288,974,977
"797",797,"Capital city",2,1,3,"No",2618,982,2460,2691
"798",798,"Capital city",1,1,2,"Yes",1203,395,1179,1254
"799",799,"Regional",2,2,4,"No",2095,667,1946,2031
"800",800,"Capital city",2,0,2,"No",5515,1949,5354,5482
"801",801,"Regional",2,1,3,"Yes",1899,702,1858,1941
"802",802,"Capital city",2,2,4,"No",3398,1105,3287,3080
"803",803,"Capital city",2,4,6,"No",1213,404,1182,1107
"804",804,"Capital city",2,0,2,"No",1537,400,1445,1382
"805",805,"Capital city",1,0,1,"No",3416,1172,3262,3578
"806",806,"Capital city",4,1,5,"No",1472,659,1462,1386
"807",807,"Capital city",3,0,3,"No",3188,1178,3198,3229
"808",808,"Regional",3,0,3,"Yes",1551,547,1476,1508
"809",809,"Capital city",2,2,4,"No",1564,621,1556,1515
"810",810,"Capital city",4,2,6,"Yes",2295,1050,2181,2049
"811",811,"Capital city",1,2,3,"Yes",1882,635,1813,1948
"812",812,"Regional",2,4,6,"No",2074,711,1967,2200
"813",813,"Capital city",2,2,4,"No",1059,476,1080,1092
"814",814,"Capital city",2,1,3,"No",2092,807,2034,1868
"815",815,"Capital city",1,2,3,"Yes",1489,478,1513,1447
"816",816,"Regional",2,1,3,"Yes",871,274,825,920
"817",817,"Capital city",1,1,2,"No",893,346,903,880
"818",818,"Capital city",2,2,4,"No",1176,583,1174,1157
"819",819,"Regional",1,1,2,"No",1057,233,1029,1079
"820",820,"Capital city",1,0,1,"No",2323,877,2313,2274
"821",821,"Regional",2,3,5,"No",2465,899,2301,2606
"822",822,"Regional",2,2,4,"Yes",799,360,737,744
"823",823,"Capital city",3,0,3,"Yes",1431,833,1431,1605
"824",824,"Regional",3,2,5,"No",1631,546,1575,1750
"825",825,"Regional",2,0,2,"No",1174,493,1170,1201
"826",826,"Capital city",2,0,2,"Yes",933,317,936,1129
"827",827,"Capital city",2,3,5,"No",1476,584,1443,1599
"828",828,"Regional",2,4,6,"No",1370,567,1305,1407
"829",829,"Capital city",2,1,3,"Yes",1857,625,1768,1763
"830",830,"Capital city",1,2,3,"No",1740,647,1697,1807
"831",831,"Capital city",3,0,3,"No",2406,801,2339,2372
"832",832,"Regional",4,1,5,"Yes",1515,594,1528,1589
"833",833,"Regional",2,1,3,"Yes",1041,354,1009,830
"834",834,"Regional",2,1,3,"Yes",908,288,877,793
"835",835,"Capital city",2,0,2,"Yes",1556,523,1451,1298
"836",836,"Regional",2,0,2,"Yes",1271,573,1226,1391
"837",837,"Regional",2,0,2,"No",993,258,968,1235
"838",838,"Capital city",2,0,2,"No",1783,860,1763,1577
"839",839,"Capital city",2,2,4,"Yes",1823,595,1787,1712
"840",840,"Capital city",1,1,2,"No",2210,890,2086,2079
"841",841,"Capital city",1,0,1,"No",1936,725,1860,1829
"842",842,"Capital city",4,4,8,"No",2083,840,1926,1665
"843",843,"Regional",3,1,4,"No",1188,405,1160,1400
"844",844,"Capital city",2,1,3,"No",1465,579,1380,1537
"845",845,"Capital city",2,0,2,"No",1538,653,1452,1563
"846",846,"Regional",2,2,4,"No",1721,496,1689,1710
"847",847,"Capital city",1,2,3,"No",1311,594,1213,1138
"848",848,"Capital city",2,1,3,"No",2832,977,2727,2786
"849",849,"Capital city",2,2,4,"No",2512,998,2358,2499
"850",850,"Regional",2,1,3,"No",986,396,997,670
"851",851,"Capital city",3,3,6,"No",1724,603,1709,1704
"852",852,"Regional",4,1,5,"No",1740,514,1743,1548
"853",853,"Capital city",2,0,2,"Yes",2239,684,2098,2384
"854",854,"Capital city",2,1,3,"No",908,492,888,962
"855",855,"Capital city",2,1,3,"No",1896,830,1797,2180
"856",856,"Capital city",4,1,5,"Yes",1500,623,1492,1355
"857",857,"Capital city",1,0,1,"No",1992,675,1963,2040
"858",858,"Regional",4,1,5,"No",1267,185,1277,1382
"859",859,"Capital city",2,1,3,"No",1025,373,971,942
"860",860,"Regional",1,0,1,"No",1669,490,1569,1540
"861",861,"Capital city",3,1,4,"No",1591,458,1465,1728
"862",862,"Capital city",4,0,4,"No",2043,749,2002,1979
"863",863,"Regional",1,0,1,"No",2560,823,2540,2703
"864",864,"Capital city",2,1,3,"Yes",1457,650,1391,1367
"865",865,"Capital city",4,2,6,"No",2778,953,2559,2594
"866",866,"Capital city",2,0,2,"Yes",726,379,715,713
"867",867,"Capital city",2,2,4,"No",2099,766,2057,1928
"868",868,"Capital city",2,0,2,"No",2403,879,2357,2566
"869",869,"Regional",2,0,2,"No",789,199,782,592
"870",870,"Regional",1,0,1,"No",851,232,840,690
"871",871,"Capital city",1,2,3,"No",1240,531,1155,1412
"872",872,"Capital city",2,0,2,"Yes",1811,619,1774,1883
"873",873,"Capital city",3,2,5,"No",960,494,962,961
"874",874,"Capital city",3,1,4,"No",1164,606,1156,1012
"875",875,"Capital city",3,0,3,"No",1721,703,1682,1509
"876",876,"Regional",2,2,4,"No",1933,580,1965,1948
"877",877,"Regional",2,2,4,"Yes",1868,593,1790,1801
"878",878,"Capital city",2,4,6,"No",2682,977,2573,2701
"879",879,"Regional",3,0,3,"No",538,299,510,870
"880",880,"Regional",2,2,4,"No",977,377,932,782
"881",881,"Capital city",1,2,3,"No",816,397,771,734
"882",882,"Regional",3,3,6,"No",2118,686,2147,1962
"883",883,"Capital city",2,0,2,"No",975,495,979,974
"884",884,"Regional",2,2,4,"No",1142,391,1134,1338
"885",885,"Capital city",2,0,2,"No",1880,721,1819,1965
"886",886,"Capital city",2,0,2,"No",1288,551,1222,1185
"887",887,"Regional",3,0,3,"No",1949,662,1833,1798
"888",888,"Regional",4,2,6,"No",1939,544,1862,2081
"889",889,"Capital city",2,2,4,"No",874,354,821,1181
"890",890,"Regional",2,0,2,"No",1049,355,1024,1173
"891",891,"Capital city",2,1,3,"Yes",925,348,934,1174
"892",892,"Regional",2,2,4,"No",1872,545,1826,1812
"893",893,"Capital city",1,1,2,"No",2591,868,2598,2499
"894",894,"Capital city",3,1,4,"No",1257,442,1258,1372
"895",895,"Capital city",2,3,5,"No",1862,785,1840,1740
"896",896,"Regional",4,1,5,"No",1380,500,1294,1107
"897",897,"Regional",2,0,2,"No",1642,513,1531,1412
"898",898,"Regional",1,0,1,"No",822,316,776,1165
"899",899,"Capital city",2,3,5,"No",2026,685,1868,2185
"900",900,"Capital city",2,0,2,"No",1549,625,1496,1308
"901",901,"Regional",1,1,2,"Yes",962,378,981,1179
"902",902,"Regional",3,0,3,"No",2523,721,2378,2372
"903",903,"Capital city",2,2,4,"No",1885,669,1749,1883
"904",904,"Capital city",2,0,2,"No",1331,587,1333,1440
"905",905,"Capital city",3,2,5,"No",995,451,971,987
"906",906,"Regional",2,1,3,"No",706,257,708,936
"907",907,"Regional",1,2,3,"No",688,328,640,577
"908",908,"Capital city",3,2,5,"No",2767,1098,2801,3105
"909",909,"Capital city",3,2,5,"No",1639,598,1578,1539
"910",910,"Regional",1,0,1,"No",1156,212,1127,1320
"911",911,"Regional",1,4,5,"No",1747,564,1660,1735
"912",912,"Capital city",2,2,4,"No",1372,595,1338,1176
"913",913,"Regional",1,1,2,"No",680,241,637,627
"914",914,"Regional",2,1,3,"No",1135,361,1046,1191
"915",915,"Capital city",2,0,2,"No",1835,718,1793,1876
"916",916,"Capital city",1,2,3,"No",1504,726,1488,1835
"917",917,"Capital city",2,0,2,"No",1037,554,1006,922
"918",918,"Capital city",3,2,5,"No",1733,519,1697,1559
"919",919,"Regional",2,2,4,"Yes",1315,417,1228,1134
"920",920,"Capital city",2,2,4,"No",1525,636,1459,1571
"921",921,"Capital city",2,1,3,"Yes",1693,545,1684,1822
"922",922,"Capital city",2,0,2,"No",1220,609,1193,1484
"923",923,"Capital city",2,1,3,"Yes",2445,898,2369,2142
"924",924,"Regional",2,0,2,"No",1788,706,1790,1788
"925",925,"Capital city",3,0,3,"No",2030,857,2021,1937
"926",926,"Capital city",4,0,4,"No",1785,589,1710,1865
"927",927,"Capital city",2,1,3,"No",3314,1257,3163,3353
"928",928,"Capital city",3,1,4,"No",2222,906,2191,2084
"929",929,"Capital city",2,2,4,"No",2105,650,1977,2418
"930",930,"Capital city",2,0,2,"No",1533,676,1507,1283
"931",931,"Capital city",2,1,3,"No",1937,687,1962,2108
"932",932,"Capital city",1,1,2,"No",894,323,845,1052
"933",933,"Regional",1,2,3,"Yes",990,286,952,1067
"934",934,"Capital city",3,1,4,"No",1849,630,1853,1839
"935",935,"Capital city",2,1,3,"No",1812,564,1677,1759
"936",936,"Capital city",2,0,2,"Yes",984,369,952,715
"937",937,"Capital city",1,4,5,"No",1715,762,1641,2020
"938",938,"Capital city",3,0,3,"No",2192,679,2126,2305
"939",939,"Capital city",2,1,3,"No",1369,451,1396,1659
"940",940,"Capital city",2,0,2,"No",1407,568,1354,1498
"941",941,"Regional",1,0,1,"No",1354,399,1361,1473
"942",942,"Capital city",3,0,3,"No",1345,554,1292,1146
"943",943,"Regional",3,0,3,"No",1348,406,1283,1429
"944",944,"Regional",2,0,2,"No",1820,601,1750,1692
"945",945,"Regional",3,0,3,"Yes",2430,882,2268,2216
"946",946,"Capital city",1,2,3,"No",1459,523,1380,1410
"947",947,"Regional",2,4,6,"No",499,278,461,347
"948",948,"Regional",2,4,6,"No",1466,364,1427,1643
"949",949,"Capital city",2,2,4,"No",1541,636,1418,1360
"950",950,"Capital city",2,0,2,"No",1541,523,1525,1730
"951",951,"Capital city",2,2,4,"Yes",1044,377,997,1063
"952",952,"Regional",2,3,5,"No",1493,470,1443,1398
"953",953,"Capital city",2,4,6,"No",2384,992,2359,2425
"954",954,"Capital city",3,1,4,"Yes",1648,604,1596,1421
"955",955,"Capital city",2,0,2,"No",1343,562,1296,1324
"956",956,"Capital city",1,2,3,"No",1526,470,1527,1248
"957",957,"Regional",2,1,3,"Yes",1149,289,1077,1430
"958",958,"Capital city",2,2,4,"No",3215,1247,2998,3025
"959",959,"Capital city",4,2,6,"No",1469,530,1451,1630
"960",960,"Regional",2,0,2,"Yes",1466,453,1438,1334
"961",961,"Capital city",1,0,1,"No",1841,704,1699,1683
"962",962,"Capital city",1,0,1,"No",1279,517,1187,1258
"963",963,"Regional",3,1,4,"No",1413,516,1381,1550
"964",964,"Capital city",2,1,3,"No",1556,568,1439,1406
"965",965,"Capital city",1,2,3,"No",1524,559,1463,1686
"966",966,"Regional",2,0,2,"Yes",1592,591,1582,1731
"967",967,"Capital city",2,1,3,"Yes",667,284,633,705
"968",968,"Capital city",3,0,3,"No",1064,533,988,1079
"969",969,"Regional",3,2,5,"No",2869,973,2801,2726
"970",970,"Capital city",2,0,2,"No",1458,446,1441,1425
"971",971,"Regional",1,0,1,"No",1103,366,1022,910
"972",972,"Regional",2,1,3,"No",1697,550,1648,1697
"973",973,"Capital city",1,0,1,"Yes",920,504,866,1109
"974",974,"Capital city",2,4,6,"No",1467,544,1491,1600
"975",975,"Regional",1,2,3,"No",1809,351,1811,1489
"976",976,"Regional",4,1,5,"No",1627,514,1514,1408
"977",977,"Regional",2,1,3,"No",959,425,965,1033
"978",978,"Capital city",2,0,2,"No",1305,660,1222,1468
"979",979,"Capital city",2,0,2,"No",1430,479,1446,1718
"980",980,"Capital city",3,1,4,"No",1235,584,1231,1040
"981",981,"Regional",2,0,2,"Yes",1076,486,1000,947
"982",982,"Regional",2,2,4,"No",1191,389,1190,1158
"983",983,"Capital city",2,1,3,"Yes",1172,418,1099,1241
"984",984,"Regional",2,0,2,"No",1704,612,1704,1327
"985",985,"Capital city",2,0,2,"Yes",1421,570,1395,1515
"986",986,"Capital city",1,0,1,"No",1756,714,1755,1950
"987",987,"Capital city",2,0,2,"No",2554,939,2567,2433
"988",988,"Capital city",1,0,1,"No",1538,562,1549,1559
"989",989,"Regional",2,0,2,"Yes",812,180,762,706
"990",990,"Capital city",3,1,4,"No",1001,472,949,1059
"991",991,"Capital city",1,0,1,"No",1776,618,1804,1700
"992",992,"Capital city",1,0,1,"No",2674,1102,2494,2690
"993",993,"Capital city",3,0,3,"No",2779,1148,2776,2653
"994",994,"Capital city",2,3,5,"No",4481,1701,4415,4409
"995",995,"Capital city",1,2,3,"No",1918,734,1867,1770
"996",996,"Capital city",2,0,2,"No",1136,536,1130,1237
"997",997,"Capital city",2,3,5,"No",1028,485,960,1183
"998",998,"Capital city",2,2,4,"No",1664,558,1660,1628
"999",999,"Capital city",2,3,5,"No",1455,633,1344,1665
"1000",1000,"Capital city",1,3,4,"Yes",1393,575,1293,1316
